date,base_max,base_min,break_max,break_min,break_direction,break_time,break_key_point,pre_enter_direction,pre_enter_time,pre_enter,enter_direction,enter_time,enter_point,bonus,bonus_time,max_bonus,max_bonus_time,max_lose,max_lose_time
2019/01/02,9762,9741,9743,9734,down,09:00:00,9740.0,down,09:04:00,9709,,,,,,,,,
2019/01/03,9494,9470,9486,9464,down,09:00:00,9478.0,down,09:04:00,9457,down,09:09:00,9478.0,40,09:25:00,45.0,09:25:00,69.0,10:06:00
2019/01/04,9394,9355,9381,9343,down,09:05:00,9368.0,down,09:19:00,9342,down,09:06:00,9343,32,09:30:00,38,09:31:00,55,09:52:00
2019/01/07,9559,9526,9536,9518,down,09:00:00,9530.0,down,09:04:00,9513,down,09:15:00,9530.0,40,09:40:00,40.0,09:40:00,47.0,10:12:00
2019/01/08,9611,9592,9596,9574,down,09:05:00,9588.0,down,09:04:00,9579,down,09:04:00,9579,7,10:45:00,47,09:19:00,7,09:06:00
2019/01/09,9635,9606,9657,9629,up,09:20:00,9639.0,up,09:19:00,9648,up,09:19:00,9648,55,09:46:00,99,10:43:00,4,09:19:00
2019/01/10,9710,9688,9698,9679,down,09:15:00,9691.0,down,09:40:00,9675,down,09:21:00,9691.0,0,09:55:00,17.0,09:41:00,10.0,09:30:00
2019/01/11,9772,9748,9754,9734,down,09:25:00,9747.0,down,09:24:00,9735,down,09:24:00,9735,-14,09:43:00,11,09:32:00,68,10:06:00
2019/01/14,9744,9726,9756,9743,up,09:15:00,9748.0,down,09:55:00,9713,up,09:16:00,9748.0,-28,09:37:00,3.0,09:16:00,74.0,10:41:00
2019/01/15,9749,9733,9744,9723,down,09:00:00,9737.0,down,09:04:00,9720,down,09:12:00,9737.0,0,09:40:00,20.0,09:34:00,5.0,09:13:00
2019/01/16,9790,9775,9802,9783,up,09:15:00,9790.0,down,09:34:00,9762,up,09:16:00,9790.0,-28,09:34:00,14.0,10:33:00,35.0,09:36:00
2019/01/17,9796,9772,9814,9788,up,09:05:00,9797.0,up,09:04:00,9810,up,09:04:00,9810,0,09:12:00,24,09:08:00,7,09:12:00
2019/01/18,9830,9812,9813,9783,down,09:05:00,9803.0,down,09:04:00,9787,down,09:04:00,9787,0,09:13:00,17,09:08:00,7,09:04:00
2019/01/21,9903,9883,9896,9875,down,09:10:00,9889.0,down,09:14:00,9867,down,09:34:00,9889.0,-28,09:46:00,9.0,09:39:00,30.0,10:09:00
2019/01/22,9847,9822,9856,9836,up,09:15:00,9843.0,up,09:20:00,9860,up,09:45:00,9843.0,-4.0,10:45:00,16.0,10:34:00,9.0,10:44:00
2019/01/23,9832,9816,9837,9827,up,09:30:00,9831.0,up,09:35:00,9845,up,10:05:00,9831.0,6.0,10:45:00,14.0,10:28:00,3.0,10:11:00
2019/01/24,9842,9831,9867,9836,up,09:05:00,9847.0,up,09:05:00,9855,up,09:05:00,9855,0,09:43:00,29,09:06:00,22,09:43:00
2019/01/25,9944,9922,9933,9912,down,09:15:00,9926.0,up,09:44:00,9957,down,09:30:00,9926.0,-28,09:36:00,8.0,09:30:00,61.0,10:32:00
2019/01/28,10005,9975,10015,10000,up,09:55:00,10005.0,,,,up,09:58:00,10005.0,-7.0,10:45:00,13.0,10:06:00,15.0,10:41:00
2019/01/29,9933,9917,9927,9907,down,09:00:00,9920.0,down,10:10:00,9904,down,09:17:00,9920.0,40,10:41:00,40.0,10:41:00,16.0,09:31:00
2019/01/30,9929,9912,9916,9907,down,09:25:00,9913.0,down,09:30:00,9899,down,09:51:00,9913.0,2.0,10:45:00,9.0,10:02:00,9.0,10:30:00
2019/02/11,10035,10009,10067,10031,up,09:10:00,10043.0,up,09:09:00,10048,up,09:09:00,10048,0,09:12:00,19,09:10:00,3,09:09:00
2019/02/12,10052,10038,10040,10029,down,09:05:00,10036.0,up,10:39:00,10065,down,09:06:00,10036.0,-28,10:01:00,3.0,09:06:00,30.0,10:40:00
2019/02/13,10128,10111,10119,10099,down,09:10:00,10112.0,down,09:14:00,10098,,,,,,,,,
2019/02/14,10055,10034,10077,10054,up,09:05:00,10062.0,up,09:04:00,10069,up,09:04:00,10069,55,09:46:00,55,09:46:00,4,09:04:00
2019/02/15,10055,10037,10075,10051,up,09:00:00,10059.0,up,09:00:00,10068,up,09:00:00,10068,0,10:13:00,48,09:31:00,11,09:00:00
2019/02/18,10119,10099,10125,10098,up,09:05:00,10107.0,up,09:34:00,10135,up,09:16:00,10107.0,32,09:35:00,54.0,10:34:00,2.0,09:16:00
2019/02/19,10125,10104,10134,10115,up,09:00:00,10122.0,up,09:04:00,10138,,,,,,,,,
2019/02/20,10200,10177,10212,10198,up,09:05:00,10203.0,up,09:10:00,10213,up,09:07:00,10203.0,32,09:19:00,59.0,09:46:00,6.0,10:36:00
2019/02/21,10269,10245,10252,10235,down,09:30:00,10246.0,down,09:34:00,10232,down,09:35:00,10246.0,-18.0,10:45:00,13.0,09:35:00,24.0,10:43:00
2019/02/22,10284,10265,10283,10260,down,09:20:00,10275.0,down,09:25:00,10252,down,10:35:00,10275.0,-6.0,10:45:00,3.0,10:35:00,7.0,10:43:00
2019/02/25,10353,10333,10366,10345,up,09:35:00,10352.0,up,09:40:00,10366,up,09:37:00,10352.0,0,09:57:00,26.0,09:47:00,23.0,09:57:00
2019/02/26,10388,10369,10372,10356,down,09:35:00,10366.0,down,10:29:00,10356,down,09:36:00,10366.0,22.0,10:45:00,24.0,10:43:00,21.0,10:15:00
2019/02/27,10384,10371,10377,10365,down,09:10:00,10373.0,down,09:19:00,10354,down,09:11:00,10373.0,32,09:21:00,48.0,09:21:00,3.0,09:11:00
2019/03/04,10400,10344,10357,10333,down,09:10:00,10349.0,down,09:14:00,10318,,,,,,,,,
2019/03/05,10268,10248,10279,10257,up,09:05:00,10265.0,up,09:10:00,10281,up,09:44:00,10265.0,23.0,10:45:00,27.0,10:45:00,15.0,09:48:00
2019/03/06,10304,10282,10320,10298,up,09:05:00,10306.0,up,09:04:00,10317,up,09:04:00,10317,-14,09:15:00,16,10:39:00,23,09:31:00
2019/03/07,10319,10304,10324,10315,up,09:05:00,10318.0,up,09:14:00,10332,up,09:26:00,10318.0,-28,09:59:00,6.0,09:27:00,28.0,09:59:00
2019/03/08,10236,10219,10228,10212,down,09:00:00,10222.0,down,09:04:00,10193,down,10:42:00,10222.0,0,10:42:00,17.0,10:42:00,19.0,10:42:00
2019/03/11,10185,10168,10195,10183,up,09:10:00,10187.0,up,09:20:00,10198,up,09:11:00,10187.0,32,09:30:00,38.0,09:34:00,9.0,09:13:00
2019/03/12,10327,10300,10340,10321,up,09:25:00,10328.0,up,09:29:00,10342,,,,,,,,,
2019/03/13,10332,10322,10345,10327,up,09:05:00,10333.0,up,09:05:00,10345,up,09:05:00,10345,-14,09:12:00,0,,40,10:33:00
2019/03/14,10392,10370,10378,10363,down,09:15:00,10373.0,down,09:39:00,10352,down,09:17:00,10373.0,0,09:50:00,23.0,09:38:00,5.0,09:20:00
2019/03/15,10363,10347,10367,10357,up,09:15:00,10361.0,up,09:34:00,10378,up,09:17:00,10361.0,32,09:36:00,51.0,10:16:00,3.0,09:18:00
2019/03/18,10440,10425,10448,10424,up,09:05:00,10432.0,up,09:49:00,10453,up,09:16:00,10432.0,32,10:35:00,36.0,10:38:00,12.0,09:19:00
2019/03/19,10492,10477,10486,10474,down,09:05:00,10482.0,down,09:59:00,10464,down,09:07:00,10482.0,0,10:21:00,21.0,09:56:00,14.0,09:39:00
2019/03/20,10504,10492,10510,10498,up,09:00:00,10502.0,up,09:04:00,10522,up,09:54:00,10502.0,16.0,10:45:00,17.0,10:45:00,2.0,10:15:00
2019/03/21,10554,10532,10564,10549,up,09:20:00,10554.0,up,10:04:00,10567,up,09:24:00,10554.0,22.0,10:45:00,25.0,10:44:00,19.0,09:31:00
2019/03/22,10652,10639,10654,10633,down,09:05:00,10647.0,down,10:10:00,10626,down,09:06:00,10647.0,32,10:10:00,63.0,10:32:00,12.0,09:37:00
2019/03/25,10479,10461,10473,10456,down,09:00:00,10467.0,down,09:04:00,10448,down,09:45:00,10467.0,6.0,10:45:00,13.0,10:21:00,19.0,10:02:00
2019/03/26,10501,10480,10514,10497,up,09:05:00,10503.0,up,09:09:00,10518,up,11:21:00,10503.0,2.0,11:21:00,9.0,11:21:00,1.0,11:21:00
2019/03/27,10513,10486,10499,10476,down,09:15:00,10491.0,up,11:14:00,10526,down,09:22:00,10491.0,-25.0,10:45:00,8.0,10:11:00,27.0,10:45:00
2019/03/28,10462,10444,10476,10457,up,09:00:00,10464.0,up,09:00:00,10475,up,09:00:00,10475,0,09:20:00,24,09:03:00,8,09:00:00
2019/03/29,10568,10549,10565,10536,down,09:00:00,10555.0,down,09:00:00,10536,down,09:00:00,10536,60,09:24:00,60,09:24:00,13,09:00:00
2019/04/01,10695,10674,10710,10686,up,09:05:00,10694.0,up,09:04:00,10708,up,09:04:00,10708,-14,09:07:00,7,09:06:00,45,10:09:00
2019/04/02,10689,10673,10698,10677,up,09:05:00,10684.0,up,10:05:00,10702,up,09:09:00,10684.0,0,09:26:00,20.0,09:17:00,6.0,09:26:00
2019/04/03,10713,10681,10684,10671,down,10:05:00,10679.0,,,,,,,,,,,,
2019/04/08,10781,10747,10785,10770,up,09:45:00,10775.0,up,11:14:00,10794,up,09:49:00,10775.0,6.0,10:45:00,15.0,09:59:00,17.0,10:31:00
2019/04/09,10802,10792,10796,10783,down,09:05:00,10791.0,up,10:59:00,10817,down,09:06:00,10791.0,-14.0,10:45:00,9.0,09:17:00,16.0,09:36:00
2019/04/10,10830,10818,10837,10824,up,09:20:00,10829.0,up,12:29:00,10843,up,09:29:00,10829.0,5.0,10:45:00,13.0,09:32:00,17.0,09:49:00
2019/04/11,10874,10842,10879,10865,up,09:30:00,10870.0,down,10:30:00,10829,up,09:36:00,10870.0,-28,09:54:00,7.0,09:36:00,52.0,10:42:00
2019/04/12,10831,10811,10820,10805,down,09:25:00,10815.0,down,10:54:00,10798,down,09:32:00,10815.0,0,09:46:00,20.0,09:36:00,4.0,09:46:00
2019/04/15,10882,10863,10864,10843,down,09:15:00,10857.0,down,09:15:00,10850,down,09:15:00,10850,-14,09:24:00,7,09:15:00,44,10:08:00
2019/04/16,10878,10863,10883,10867,up,09:00:00,10873.0,up,09:04:00,10892,up,10:05:00,10873.0,28.0,10:45:00,29.0,10:41:00,7.0,10:08:00
2019/04/17,10966,10948,10983,10961,up,09:05:00,10969.0,up,09:04:00,10980,up,09:04:00,10980,-14,09:28:00,12,10:45:00,18,09:31:00
2019/04/18,11024,11008,11035,11011,up,09:05:00,11019.0,down,10:04:00,10995,up,09:13:00,11019.0,-28,10:05:00,10.0,09:31:00,46.0,10:15:00
2019/04/19,11031,11017,11021,11006,down,10:00:00,11016.0,down,10:04:00,11004,,,,,,,,,
2019/04/22,11030,11006,11016,10998,down,09:30:00,11010.0,down,09:35:00,10993,down,09:46:00,11010.0,12.0,10:45:00,23.0,10:14:00,5.0,09:56:00
2019/04/23,10998,10978,10993,10976,down,09:05:00,10987.0,down,09:14:00,10961,down,09:55:00,10987.0,19.0,10:45:00,23.0,10:37:00,6.0,09:56:00
2019/04/24,11057,11039,11042,11028,down,09:10:00,11037.0,down,09:44:00,11026,down,09:13:00,11037.0,32,10:31:00,36.0,10:45:00,10.0,09:18:00
2019/04/25,10995,10982,11004,10994,up,09:25:00,10998.0,up,09:39:00,11008,up,09:26:00,10998.0,32,09:59:00,43.0,10:24:00,11.0,09:28:00
2019/04/26,10972,10952,10965,10932,down,09:05:00,10954.0,down,09:05:00,10939,down,09:05:00,10939,0,09:16:00,20,09:08:00,2,09:05:00
2019/04/29,10960,10945,10975,10956,up,09:20:00,10963.0,up,09:19:00,10973,up,09:19:00,10973,-14,09:26:00,5,09:21:00,71,09:55:00
2019/04/30,10918,10883,10920,10911,up,09:15:00,10914.0,up,10:49:00,10936,up,09:19:00,10914.0,-28,09:54:00,14.0,10:45:00,29.0,09:54:00
2019/05/02,10949,10933,10973,10944,up,09:00:00,10954.0,up,08:59:00,10962,up,08:59:00,10962,60,09:26:00,71,09:28:00,5,08:59:00
2019/05/03,10994,10975,11003,10976,up,09:00:00,10985.0,up,09:19:00,11016,up,09:44:00,10985.0,40,10:42:00,43.0,10:45:00,5.0,09:46:00
2019/05/06,10980,10941,10951,10924,down,09:00:00,10942.0,down,08:59:00,10928,down,08:59:00,10928,60,09:06:00,76,10:37:00,3,09:00:00
2019/05/07,10932,10900,10942,10929,up,09:40:00,10934.0,up,09:44:00,10950,,,,,,,,,
2019/05/08,10905,10841,10906,10885,up,09:30:00,10892.0,up,09:44:00,10918,up,10:15:00,10892.0,32,10:34:00,50.0,10:45:00,0,
2019/05/09,10854,10809,10812,10781,down,09:55:00,10801.0,down,09:54:00,10790,down,09:54:00,10790,55,10:21:00,55,10:21:00,7,10:03:00
2019/05/10,10766,10731,10783,10762,up,09:00:00,10769.0,up,08:59:00,10780,up,08:59:00,10780,0,09:22:00,33,09:07:00,12,08:59:00
2019/05/13,10708,10673,10681,10653,down,09:25:00,10671.0,down,09:24:00,10656,down,09:24:00,10656,-14,09:30:00,57,10:38:00,17,09:50:00
2019/05/14,10490,10424,10472,10399,down,09:05:00,10447.0,down,09:04:00,10411,down,09:04:00,10411,-14,09:04:00,12,09:04:00,160,10:31:00
2019/05/15,10544,10513,10554,10532,up,09:05:00,10540.0,up,09:19:00,10557,up,09:12:00,10540.0,0,09:22:00,19.0,09:19:00,10.0,09:13:00
2019/05/16,10549,10532,10553,10524,down,09:05:00,10543.0,down,09:09:00,10508,down,09:06:00,10524,32,09:14:00,36,09:14:00,50,10:45:00
2019/05/17,10565,10546,10551,10530,down,09:20:00,10544.0,down,09:19:00,10533,down,09:19:00,10533,0,10:01:00,40,09:38:00,5,09:19:00
2019/05/20,10472,10432,10479,10444,up,09:15:00,10456.0,down,10:05:00,10419,up,09:16:00,10479,-28,09:25:00,6,09:42:00,74,10:07:00
2019/05/21,10412,10389,10420,10378,up,09:05:00,10392.0,up,09:09:00,10425,up,09:06:00,10420,0,10:10:00,26,10:00:00,27,09:34:00
2019/05/22,10487,10470,10477,10453,down,09:00:00,10469.0,down,08:59:00,10457,down,08:59:00,10457,-20,09:17:00,4,08:59:00,58,10:14:00
2019/05/23,10424,10381,10391,10342,down,09:05:00,10374.0,down,09:04:00,10355,down,09:04:00,10355,0,09:20:00,25,09:16:00,3,09:20:00
2019/05/24,10356,10315,10361,10341,up,09:20:00,10348.0,up,09:34:00,10369,up,09:23:00,10348.0,32,09:38:00,38.0,09:39:00,28.0,10:34:00
2019/05/27,10390,10347,10358,10343,down,09:15:00,10353.0,down,09:19:00,10329,,,,,,,,,
2019/05/28,10374,10357,10364,10351,down,09:00:00,10359.0,down,09:04:00,10337,,,,,,,,,
2019/05/29,10246,10218,10254,10228,up,09:05:00,10237.0,up,09:19:00,10259,,,,,,,,,
2019/05/30,10312,10279,10329,10300,up,09:10:00,10310.0,up,09:09:00,10325,up,09:09:00,10325,0,09:56:00,45,09:28:00,5,09:09:00
2019/05/31,10352,10330,10358,10342,up,09:05:00,10348.0,up,09:09:00,10370,,,,,,,,,
2019/06/03,10437,10422,10434,10373,down,09:05:00,10413.0,down,09:04:00,10388,down,09:04:00,10388,0,09:26:00,22,09:15:00,12,09:10:00
2019/06/04,10480,10454,10463,10438,down,09:40:00,10454.0,down,09:40:00,10441,down,09:40:00,10441,34,10:45:00,37,10:16:00,13,09:51:00
2019/06/05,10503,10485,10507,10483,down,09:10:00,10499.0,down,09:29:00,10472,down,09:16:00,10499.0,32,09:38:00,45.0,09:53:00,1.0,09:16:00
2019/06/06,10437,10372,10373,10353,down,10:00:00,10366.0,down,09:59:00,10358,down,09:59:00,10358,-14,10:02:00,1,09:59:00,47,10:35:00
2019/06/10,10485,10465,10493,10474,up,09:00:00,10481.0,down,09:19:00,10447,up,09:01:00,10481.0,0,09:01:00,17.0,09:01:00,2.0,09:01:00
2019/06/11,10562,10540,10567,10552,up,09:20:00,10557.0,up,09:29:00,10578,,,,,,,,,
2019/06/12,10589,10574,10598,10581,up,09:15:00,10587.0,up,09:24:00,10602,up,09:20:00,10587.0,0,09:31:00,18.0,09:25:00,1.0,09:31:00
2019/06/13,10564,10551,10567,10535,up,09:05:00,10546.0,up,09:19:00,10577,up,09:06:00,10567,0,09:39:00,22,09:30:00,9,09:06:00
2019/06/14,10547,10532,10539,10524,down,09:00:00,10534.0,down,09:44:00,10519,down,09:02:00,10534.0,0,09:03:00,18.0,09:02:00,9.0,09:03:00
2019/06/17,10493,10470,10486,10462,down,09:10:00,10478.0,up,09:24:00,10507,down,09:14:00,10478.0,-28,09:21:00,8.0,09:14:00,87.0,09:46:00
2019/06/18,10552,10534,10559,10549,up,09:00:00,10553.0,up,09:04:00,10573,up,09:01:00,10553.0,0,09:22:00,23.0,09:04:00,5.0,09:01:00
2019/06/19,10689,10667,10693,10673,up,09:15:00,10680.0,up,09:30:00,10702,up,09:18:00,10680.0,32,09:33:00,47.0,09:36:00,3.0,09:19:00
2019/06/20,10581,10567,10583,10571,up,09:55:00,10575.0,up,10:24:00,10594,,,,,,,,,
2019/06/21,10640,10622,10628,10608,down,09:15:00,10621.0,down,09:14:00,10609,down,09:14:00,10609,-14,09:20:00,11,10:01:00,23,09:35:00
2019/06/24,10610,10590,10596,10572,down,09:05:00,10588.0,down,09:15:00,10577,down,09:06:00,10588.0,32,09:22:00,35.0,09:22:00,30.0,10:40:00
2019/06/25,10623,10608,10612,10598,down,09:20:00,10607.0,down,09:45:00,10595,down,09:21:00,10607.0,32,10:31:00,49.0,10:39:00,11.0,09:33:00
2019/06/26,10538,10518,10523,10510,down,09:30:00,10518.0,down,09:34:00,10505,down,09:36:00,10518.0,-4.0,10:45:00,16.0,09:47:00,15.0,10:38:00
2019/06/27,10555,10532,10575,10545,up,09:05:00,10555.0,up,09:04:00,10568,up,09:04:00,10568,55,09:39:00,65,09:59:00,6,09:04:00
2019/06/28,10623,10607,10613,10593,down,09:20:00,10606.0,down,09:19:00,10594,down,09:19:00,10594,31,10:45:00,35,10:40:00,12,09:29:00
2019/07/01,10729,10693,10747,10722,up,09:10:00,10731.0,up,09:09:00,10742,up,09:09:00,10742,33,10:45:00,34,10:04:00,4,09:09:00
2019/07/02,10754,10732,10758,10750,up,09:40:00,10753.0,,,,up,09:41:00,10753.0,6.0,10:45:00,13.0,09:46:00,6.0,10:16:00
2019/07/03,10741,10202,,,,,,,,,,,,,,,,,
2019/07/04,10698,10686,10705,10689,up,09:10:00,10695.0,up,09:34:00,10713,up,09:12:00,10695.0,32,09:36:00,34.0,09:37:00,14.0,09:14:00
2019/07/05,10726,10707,10749,10724,up,09:05:00,10733.0,up,09:04:00,10740,up,09:04:00,10740,-14,09:09:00,9,09:05:00,58,09:59:00
2019/07/08,10658,10630,10683,10648,up,09:05:00,10660.0,up,09:04:00,10680,up,09:04:00,10680,0,10:01:00,31,09:30:00,8,09:05:00
2019/07/09,10699,10673,10682,10663,down,09:05:00,10675.0,down,09:09:00,10657,,,,,,,,,
2019/07/10,10724,10697,10705,10691,down,10:00:00,10700.0,up,11:14:00,10737,,,,,,,,,
2019/07/11,10809,10791,10802,10786,down,09:05:00,10796.0,down,09:14:00,10778,down,09:27:00,10796.0,-28,10:01:00,7.0,09:31:00,34.0,10:23:00
2019/07/12,10812,10788,10815,10798,up,09:25:00,10804.0,up,10:00:00,10825,up,09:32:00,10804.0,6.0,10:45:00,26.0,10:10:00,0,
2019/07/15,10817,10800,10804,10783,down,09:20:00,10797.0,down,09:19:00,10787,down,09:19:00,10787,55,09:35:00,57,09:35:00,45,10:44:00
2019/07/16,10872,10853,10880,10868,up,09:15:00,10872.0,up,09:34:00,10885,up,09:17:00,10872.0,0,09:52:00,19.0,09:43:00,11.0,09:19:00
2019/07/17,10848,10832,10846,10823,down,09:05:00,10838.0,down,09:09:00,10818,down,09:24:00,10838.0,7.0,10:45:00,17.0,10:44:00,16.0,10:00:00
2019/07/18,10639,10623,10648,10634,up,09:00:00,10639.0,up,09:04:00,10657,,,,,,,,,
2019/07/19,10767,10751,10773,10756,up,09:05:00,10762.0,up,09:49:00,10781,up,09:10:00,10762.0,20.0,10:45:00,30.0,10:11:00,2.0,09:18:00
2019/07/22,10757,10729,10772,10751,up,09:05:00,10758.0,up,09:04:00,10770,up,09:04:00,10770,23,10:45:00,26,10:41:00,7,09:34:00
2019/07/23,10830,10818,10827,10806,down,09:20:00,10820.0,down,10:44:00,10800,down,09:25:00,10820.0,23.0,10:45:00,23.0,10:43:00,16.0,10:00:00
2019/07/24,10821,10813,10828,10814,up,09:00:00,10819.0,down,10:24:00,10799,up,09:15:00,10819.0,-9.0,10:45:00,10.0,09:40:00,21.0,10:21:00
2019/07/25,10831,10819,10821,10812,down,09:00:00,10818.0,down,09:05:00,10806,down,09:01:00,10818.0,40,09:06:00,49.0,09:06:00,6.0,09:02:00
2019/07/26,10791,10774,10780,10770,down,09:20:00,10776.0,,,,down,09:24:00,10776.0,-13.0,10:45:00,5.0,09:34:00,19.0,10:17:00
2019/07/29,10781,10746,10792,10771,up,11:50:00,10778.0,up,12:19:00,10797,,,,,,,,,
2019/07/30,10833,10817,10819,10808,down,09:30:00,10815.0,down,09:39:00,10802,down,09:33:00,10815.0,32,09:51:00,59.0,09:56:00,2.0,09:33:00
2019/07/31,10731,10706,10734,10723,up,09:05:00,10727.0,down,10:24:00,10685,up,09:07:00,10727.0,-28,10:10:00,12.0,09:43:00,53.0,10:31:00
2019/08/01,10651,10627,10660,10644,up,09:00:00,10650.0,up,09:09:00,10664,up,09:01:00,10650.0,40,09:50:00,47.0,10:06:00,13.0,09:02:00
2019/08/02,10535,10509,10532,10508,down,09:10:00,10524.0,down,09:15:00,10496,down,09:25:00,10524.0,32,09:39:00,83.0,10:36:00,3.0,09:28:00
2019/08/05,10435,10414,10456,10430,up,09:05:00,10439.0,up,09:04:00,10453,up,09:04:00,10453,-14,09:16:00,7,09:07:00,65,10:37:00
2019/08/06,10155,10095,10175,10149,up,09:05:00,10158.0,up,09:04:00,10168,up,09:04:00,10168,-14,09:04:00,108,10:45:00,22,09:12:00
2019/08/07,10352,10325,10375,10347,up,09:05:00,10357.0,up,09:04:00,10365,up,09:04:00,10365,-14,09:08:00,10,09:05:00,64,10:43:00
2019/08/08,10376,10342,10392,10366,up,09:20:00,10375.0,up,09:19:00,10389,up,09:19:00,10389,55,09:56:00,65,09:58:00,6,09:19:00
2019/08/12,10470,10380,10476,10462,up,10:25:00,10467.0,,,,,,,,,,,,
2019/08/13,10397,10381,10398,10367,down,09:10:00,10387.0,down,09:10:00,10368,down,09:10:00,10368,-14,09:13:00,49,10:05:00,26,09:21:00
2019/08/14,10463,10446,10480,10458,up,09:05:00,10466.0,up,09:05:00,10476,up,09:05:00,10476,-14,09:10:00,16,09:16:00,30,10:33:00
2019/08/15,10298,10242,10323,10292,up,09:25:00,10303.0,up,09:24:00,10311,up,09:24:00,10311,-14,09:26:00,24,09:56:00,29,09:31:00
2019/08/16,10317,10291,10340,10312,up,10:10:00,10322.0,up,10:09:00,10332,,,,,,,,,
2019/08/19,10444,10419,10449,10433,up,09:40:00,10439.0,up,10:19:00,10457,up,09:44:00,10439.0,32,10:42:00,41.0,10:43:00,10.0,09:47:00
2019/08/20,10491,10478,10499,10485,up,09:05:00,10490.0,up,09:09:00,10504,up,09:36:00,10490.0,32,10:39:00,32.0,10:39:00,5.0,09:37:00
2019/08/21,10524,10505,10527,10514,up,09:10:00,10519.0,up,10:15:00,10537,up,09:27:00,10519.0,5.0,10:45:00,23.0,10:17:00,5.0,09:56:00
2019/08/22,10545,10530,10557,10539,up,09:10:00,10545.0,up,09:34:00,10558,up,09:18:00,10545.0,0,09:47:00,19.0,09:34:00,5.0,09:28:00
2019/08/23,10490,10476,10480,10469,down,09:30:00,10476.0,down,09:34:00,10463,down,09:31:00,10476.0,-14.0,10:45:00,16.0,09:35:00,19.0,10:45:00
2019/08/26,10353,10321,10327,10306,down,10:10:00,10320.0,down,10:09:00,10308,,,,,,,,,
2019/08/27,10390,10366,10370,10358,down,10:05:00,10366.0,down,13:14:00,10350,,,,,,,,,
2019/08/28,10406,10388,10410,10402,up,09:10:00,10405.0,up,09:25:00,10419,up,09:11:00,10405.0,32,09:31:00,33.0,09:31:00,11.0,10:40:00
2019/08/30,10532,10517,10543,10525,up,09:15:00,10531.0,up,09:19:00,10546,,,,,,,,,
2019/09/02,10572,10556,10586,10567,up,09:10:00,10574.0,up,09:10:00,10585,up,09:10:00,10585,0,10:45:00,25,09:35:00,7,09:13:00
2019/09/03,10610,10594,10615,10603,up,09:05:00,10607.0,up,09:49:00,10623,up,09:09:00,10607.0,0,10:17:00,25.0,10:08:00,10.0,09:12:00
2019/09/04,10572,10558,10588,10570,up,09:05:00,10576.0,up,09:05:00,10585,up,09:05:00,10585,48,10:45:00,52,10:08:00,7,09:05:00
2019/09/05,10736,10715,10724,10704,down,09:20:00,10717.0,up,09:55:00,10749,down,09:27:00,10717.0,-28,09:49:00,7.0,09:27:00,45.0,10:06:00
2019/09/06,10780,10763,10772,10756,down,09:15:00,10766.0,down,09:54:00,10746,down,09:16:00,10766.0,0,10:03:00,25.0,09:53:00,16.0,09:20:00
2019/09/09,10820,10800,10808,10790,down,09:25:00,10802.0,down,09:59:00,10787,down,09:28:00,10802.0,23.0,10:45:00,27.0,10:37:00,19.0,09:34:00
2019/09/10,10814,10800,10804,10794,down,09:00:00,10800.0,down,09:09:00,10782,down,09:03:00,10800.0,40,09:36:00,69.0,10:29:00,2.0,09:03:00
2019/09/11,10801,10785,10791,10778,down,09:35:00,10786.0,down,09:44:00,10772,down,09:36:00,10786.0,32,10:17:00,35.0,10:18:00,0,
2019/09/12,10870,10841,10858,10833,down,09:35:00,10849.0,down,09:44:00,10828,,,,,,,,,
2019/09/16,10816,10802,10826,10815,up,09:00:00,10819.0,up,09:04:00,10835,,,,,,,,,
2019/09/17,10910,10896,10900,10885,down,09:10:00,10895.0,down,09:14:00,10877,,,,,,,,,
2019/09/18,10914,10898,10900,10886,down,09:05:00,10895.0,up,10:54:00,10927,down,09:08:00,10895.0,-28,10:43:00,8.0,09:18:00,30.0,10:43:00
2019/09/19,10928,10914,10925,10907,down,09:10:00,10919.0,down,09:44:00,10901,down,09:21:00,10919.0,32,09:46:00,51.0,09:59:00,17.0,09:30:00
2019/09/20,10905,10885,10908,10902,up,09:30:00,10904.0,,,,up,09:31:00,10904.0,0.0,10:45:00,8.0,09:34:00,20.0,09:54:00
2019/09/23,10904,10888,10896,10876,down,09:05:00,10889.0,up,09:24:00,10919,down,09:09:00,10889.0,-28,09:23:00,10.0,10:13:00,40.0,09:54:00
2019/09/24,10914,10896,10902,10884,down,09:05:00,10896.0,down,09:09:00,10882,down,09:27:00,10896.0,0,10:25:00,31.0,09:49:00,10.0,09:31:00
2019/09/25,10873,10858,10861,10850,down,09:15:00,10857.0,down,09:44:00,10843,down,09:16:00,10857.0,32,09:58:00,52.0,10:08:00,14.0,09:20:00
2019/09/26,10880,10867,10888,10870,up,09:00:00,10876.0,down,11:39:00,10851,up,09:36:00,10876.0,-11.0,10:45:00,13.0,09:47:00,20.0,10:24:00
2019/09/27,10894,10872,10875,10862,down,09:35:00,10870.0,down,09:39:00,10858,,,,,,,,,
2019/10/01,10912,10856,10922,10895,up,09:20:00,10904.0,up,09:24:00,10926,,,,,,,,,
2019/10/02,10925,10912,10934,10919,up,09:05:00,10924.0,up,09:10:00,10938,up,09:17:00,10924.0,22.0,10:45:00,24.0,10:43:00,1.0,09:17:00
2019/10/03,10828,10773,10837,10822,up,09:30:00,10827.0,up,09:34:00,10844,up,09:32:00,10827.0,0,09:41:00,21.0,09:33:00,4.0,09:41:00
2019/10/04,10887,10870,10895,10881,up,09:05:00,10886.0,up,09:09:00,10905,up,09:23:00,10886.0,-22.0,10:45:00,7.0,10:04:00,26.0,10:42:00
2019/10/07,10918,10904,10915,10886,down,09:05:00,10905.0,down,09:05:00,10891,down,09:05:00,10891,-14,09:08:00,5,09:05:00,46,10:01:00
2019/10/08,10966,10950,10992,10962,up,09:05:00,10972.0,up,09:04:00,10981,up,09:04:00,10981,28,10:45:00,30,10:08:00,2,09:04:00
2019/10/09,10967,10945,10952,10935,down,09:45:00,10946.0,down,11:39:00,10932,down,09:46:00,10946.0,-5.0,10:45:00,13.0,09:46:00,18.0,10:36:00
2019/10/14,11080,11062,11071,11053,down,09:05:00,11065.0,down,09:10:00,11049,down,09:06:00,11065.0,32,09:16:00,35.0,09:17:00,27.0,10:13:00
2019/10/15,11095,11073,11109,11088,up,09:05:00,11095.0,up,09:04:00,11108,up,09:04:00,11108,-14,09:16:00,11,10:10:00,22,09:27:00
2019/10/16,11169,11154,11169,11150,down,09:05:00,11162.0,down,09:20:00,11141,down,10:42:00,11162.0,0.0,10:45:00,4.0,10:42:00,9.0,10:42:00
2019/10/17,11152,11133,11140,11117,down,09:05:00,11132.0,down,09:04:00,11120,down,09:04:00,11120,-14,09:12:00,3,09:05:00,30,10:31:00
2019/10/18,11196,11168,11174,11152,down,09:05:00,11166.0,down,09:04:00,11155,down,09:04:00,11155,-14,09:09:00,16,10:45:00,68,09:14:00
2019/10/21,11163,11149,11162,11141,down,09:15:00,11155.0,down,09:39:00,11136,down,09:24:00,11155.0,0,10:18:00,22.0,09:32:00,2.0,09:24:00
2019/10/22,11222,11211,11238,11214,up,09:10:00,11222.0,up,09:09:00,11235,up,09:09:00,11235,0,09:32:00,17,09:20:00,6,09:09:00
2019/10/23,11239,11225,11242,11236,up,09:10:00,11238.0,up,09:35:00,11252,up,09:11:00,11238.0,-9.0,10:45:00,16.0,09:36:00,16.0,10:07:00
2019/10/24,11239,11225,11249,11234,up,09:10:00,11239.0,up,10:00:00,11252,up,09:11:00,11239.0,3.0,10:45:00,20.0,10:31:00,12.0,09:36:00
2019/10/25,11328,11314,11325,11303,down,09:05:00,11317.0,down,09:14:00,11301,,,,,,,,,
2019/10/28,11342,11326,11335,11318,down,09:05:00,11329.0,down,09:19:00,11309,,,,,,,,,
2019/10/29,11358,11342,11366,11350,up,09:45:00,11356.0,down,10:54:00,11329,up,09:46:00,11356.0,-11.0,10:45:00,8.0,09:49:00,14.0,10:12:00
2019/10/30,11317,11306,11317,11296,down,09:05:00,11310.0,up,11:44:00,11333,down,09:13:00,11310.0,-4.0,10:45:00,13.0,09:49:00,13.0,09:32:00
2019/10/31,11374,11364,11378,11370,up,09:15:00,11373.0,up,09:45:00,11387,up,09:16:00,11373.0,0,10:09:00,23.0,09:49:00,12.0,09:20:00
2019/11/01,11335,11321,11329,11317,down,09:15:00,11325.0,up,10:54:00,11348,down,09:16:00,11325.0,-18.0,10:45:00,9.0,09:16:00,23.0,10:42:00
2019/11/04,11428,11413,11449,11426,up,09:05:00,11434.0,up,09:04:00,11444,up,09:04:00,11444,55,10:36:00,56,10:36:00,12,09:17:00
2019/11/05,11596,11570,11605,11583,up,09:25:00,11591.0,up,10:25:00,11609,up,09:36:00,11591.0,21.0,10:45:00,24.0,10:36:00,8.0,09:50:00
2019/11/06,11654,11638,11642,11626,down,09:05:00,11636.0,down,09:09:00,11624,down,09:16:00,11636.0,32,10:40:00,36.0,10:41:00,20.0,10:01:00
2019/11/07,11636,11623,11627,11615,down,09:10:00,11623.0,down,09:44:00,11609,down,09:11:00,11623.0,32,09:50:00,45.0,10:14:00,14.0,09:32:00
2019/11/08,11648,11634,11635,11618,down,09:05:00,11629.0,down,09:04:00,11621,down,09:04:00,11621,55,10:09:00,67,10:30:00,9,09:06:00
2019/11/11,11581,11547,11556,11523,down,09:05:00,11545.0,down,09:04:00,11525,down,09:04:00,11525,55,10:11:00,74,10:30:00,5,09:04:00
2019/11/12,11493,11472,11473,11466,down,10:10:00,11470.0,up,12:49:00,11506,,,,,,,,,
2019/11/13,11473,11444,11476,11466,up,09:15:00,11470.0,up,09:29:00,11486,up,09:16:00,11470.0,0,09:46:00,24.0,09:31:00,9.0,09:18:00
2019/11/14,11495,11481,11489,11476,down,09:15:00,11484.0,down,09:19:00,11460,down,09:30:00,11484.0,32,10:01:00,69.0,10:39:00,8.0,09:46:00
2019/11/15,11531,11480,11545,11526,up,09:00:00,11533.0,up,09:00:00,11544,up,09:00:00,11544,0,09:12:00,19,09:08:00,19,09:02:00
2019/11/18,11537,11507,11548,11531,up,09:05:00,11537.0,up,09:39:00,11552,up,09:07:00,11537.0,32,10:06:00,32.0,10:06:00,9.0,09:15:00
2019/11/19,11581,11563,11587,11569,up,09:10:00,11575.0,up,09:19:00,11597,,,,,,,,,
2019/11/20,11644,11621,11630,11607,down,09:25:00,11622.0,down,09:25:00,11608,down,09:25:00,11608,-14,10:13:00,10,10:43:00,22,10:32:00
2019/11/21,11531,11498,11506,11490,down,09:10:00,11500.0,down,09:04:00,11483,down,09:04:00,11483,-14,09:05:00,33,09:56:00,32,09:26:00
2019/11/22,11592,11561,11567,11546,down,09:15:00,11560.0,down,09:14:00,11548,down,09:14:00,11548,-14,09:16:00,4,10:30:00,27,09:34:00
2019/11/25,11629,11610,11620,11599,down,09:05:00,11613.0,down,09:09:00,11594,down,10:04:00,11613.0,26.0,10:45:00,29.0,10:42:00,4.0,10:05:00
2019/11/26,11628,11616,11624,11609,down,09:05:00,11619.0,down,09:09:00,11603,down,09:25:00,11619.0,-28,09:46:00,7.0,10:26:00,39.0,09:48:00
2019/11/27,11629,11611,11617,11596,down,09:40:00,11610.0,down,09:40:00,11598,down,09:40:00,11598,-14,09:45:00,2,09:40:00,26,10:26:00
2019/11/29,11613,11592,11598,11578,down,09:20:00,11591.0,down,09:19:00,11579,down,09:19:00,11579,55,09:54:00,57,09:54:00,6,09:19:00
2019/12/02,11532,11517,11533,11512,down,09:05:00,11526.0,down,09:44:00,11504,down,09:29:00,11526.0,32,09:46:00,67.0,10:05:00,1.0,09:29:00
2019/12/03,11458,11439,11482,11451,up,09:05:00,11462.0,up,09:04:00,11472,up,09:04:00,11472,34,10:45:00,53,10:23:00,3,09:04:00
2019/12/04,11496,11477,11486,11470,down,09:10:00,11480.0,down,09:15:00,11464,down,09:23:00,11480.0,-3.0,10:45:00,4.0,09:23:00,20.0,09:37:00
2019/12/05,11558,11532,11568,11547,up,09:10:00,11554.0,up,09:14:00,11576,,,,,,,,,
2019/12/06,11670,11637,11652,11635,down,10:40:00,11646.0,down,10:49:00,11624,,,,,,,,,
2019/12/09,11676,11641,11655,11633,down,09:10:00,11647.0,up,10:39:00,11689,down,09:13:00,11647.0,-28,09:35:00,7.0,09:16:00,52.0,10:44:00
2019/12/10,11656,11644,11655,11641,down,09:05:00,11650.0,down,09:49:00,11631,down,09:13:00,11650.0,14.0,10:45:00,25.0,10:01:00,2.0,09:15:00
2019/12/11,11606,11594,11615,11599,up,09:00:00,11605.0,up,09:09:00,11619,up,09:04:00,11605.0,40,09:55:00,59.0,10:41:00,0,
2019/12/12,11774,11754,11789,11765,up,09:05:00,11773.0,up,09:04:00,11787,up,09:04:00,11787,55,09:42:00,100,10:37:00,10,09:06:00
2019/12/13,12007,11972,11979,11953,down,09:20:00,11970.0,down,09:14:00,11959,down,09:14:00,11959,-14,09:15:00,42,10:29:00,32,09:29:00
2019/12/16,11944,11925,11948,11938,up,09:20:00,11942.0,up,09:35:00,11957,up,09:22:00,11942.0,32,09:47:00,34.0,10:24:00,5.0,10:45:00
2019/12/17,11982,11945,11988,11974,up,09:10:00,11979.0,up,09:34:00,11995,up,09:14:00,11979.0,32,09:50:00,37.0,10:39:00,7.0,09:17:00
2019/12/18,12078,12065,12080,12066,up,09:15:00,12071.0,up,09:29:00,12091,,,,,,,,,
2019/12/19,12115,12099,12108,12086,down,09:00:00,12100.0,down,08:59:00,12086,down,08:59:00,12086,60,09:41:00,64,09:42:00,14,09:02:00
2019/12/20,12063,12038,12046,12007,down,09:05:00,12033.0,down,09:04:00,12025,down,09:04:00,12025,55,09:19:00,74,09:22:00,20,09:59:00
2019/12/23,12020,11986,12005,11979,down,09:35:00,11996.0,down,09:44:00,11973,down,09:45:00,11996.0,11.0,10:45:00,15.0,09:45:00,18.0,10:04:00
2019/12/24,12044,12022,12029,12013,down,09:05:00,12023.0,down,09:29:00,12005,down,09:08:00,12023.0,0,10:17:00,26.0,10:02:00,3.0,09:10:00
2019/12/25,11995,11976,11999,11978,up,09:05:00,11985.0,up,09:19:00,12008,,,,,,,,,
2019/12/26,12042,12020,12022,12016,down,09:20:00,12020.0,down,09:50:00,12007,down,09:25:00,12020.0,32,10:01:00,34.0,10:01:00,6.0,09:26:00
2019/12/27,12059,12037,12074,12057,up,09:00:00,12063.0,up,09:14:00,12087,up,09:01:00,12063.0,40,09:17:00,44.0,09:35:00,7.0,09:01:00
2019/12/30,12096,12080,12105,12092,up,09:05:00,12097.0,up,09:09:00,12115,up,09:28:00,12097.0,0.0,10:45:00,15.0,09:46:00,21.0,10:27:00
2019/12/31,12029,11994,12035,12010,up,09:10:00,12019.0,up,09:14:00,12042,up,09:46:00,12019.0,8.0,10:45:00,16.0,10:25:00,11.0,10:10:00
2020/01/02,12068,12040,12071,12050,up,09:10:00,12057.0,down,09:24:00,12024,up,09:15:00,12057.0,-28,09:22:00,47.0,10:41:00,34.0,09:24:00
2020/01/03,12190,12173,12194,12167,down,09:05:00,12185.0,down,09:29:00,12160,down,09:17:00,12185.0,32,09:31:00,156.0,10:34:00,13.0,09:19:00
2020/01/06,12034,12000,12009,11990,down,09:40:00,12002.0,down,09:44:00,11987,,,,,,,,,
2020/01/07,12009,11991,11997,11986,down,09:00:00,11993.0,down,09:05:00,11978,down,09:01:00,11993.0,40,09:17:00,165.0,10:45:00,3.0,09:02:00
2020/01/08,11782,11697,11798,11762,up,09:05:00,11774.0,up,09:04:00,11795,up,09:04:00,11795,-14,09:04:00,95,10:42:00,29,09:39:00
2020/01/09,11920,11885,11935,11896,up,09:15:00,11909.0,up,09:15:00,11933,up,09:15:00,11933,0,09:25:00,20,09:23:00,13,09:15:00
2020/01/10,12014,11993,12025,12001,up,09:00:00,12009.0,up,09:04:00,12027,up,09:05:00,12009.0,-22,09:11:00,14.0,09:09:00,56.0,10:05:00
2020/01/13,12103,12047,12083,12044,down,09:10:00,12070.0,up,11:00:00,12116,down,09:11:00,12044,-28,09:14:00,0,,62,10:31:00
2020/01/14,12192,12174,12183,12168,down,09:05:00,12178.0,down,11:54:00,12161,down,09:11:00,12178.0,0,10:07:00,17.0,10:01:00,21.0,09:47:00
2020/01/15,12168,12155,12172,12153,up,09:10:00,12160.0,down,09:34:00,12142,up,09:12:00,12160.0,-28,10:06:00,12.0,09:18:00,65.0,10:33:00
2020/01/16,12043,12012,12024,11996,down,09:00:00,12014.0,down,09:00:00,11999,down,09:00:00,11999,-20,09:02:00,9,09:01:00,79,10:01:00
2020/01/17,12118,12102,12105,12091,down,09:00:00,12100.0,down,09:04:00,12089,down,09:02:00,12100.0,40,09:25:00,71.0,09:46:00,2.0,09:02:00
2020/01/20,12125,12104,12112,12098,down,09:15:00,12107.0,up,09:29:00,12140,down,09:16:00,12107.0,-28,09:27:00,6.0,09:16:00,53.0,10:35:00
2020/01/30,11798,11741,11771,11688,down,09:05:00,11743.0,down,09:04:00,11711,down,09:04:00,11711,55,09:10:00,195,10:32:00,4,09:04:00
2020/01/31,11498,11458,11555,11484,up,09:05:00,11508.0,up,09:04:00,11537,up,09:04:00,11537,0,09:06:00,18,09:05:00,4,09:06:00
2020/02/03,11335,11265,11289,11185,down,09:05:00,11254.0,down,09:04:00,11241,down,09:04:00,11241,0,09:04:00,26,09:04:00,2,09:04:00
2020/02/04,11390,11362,11407,11368,up,09:15:00,11381.0,up,09:15:00,11403,up,09:15:00,11403,55,09:36:00,151,10:36:00,13,09:15:00
2020/02/05,11613,11569,11585,11506,down,09:05:00,11558.0,down,09:04:00,11542,down,09:04:00,11542,55,09:14:00,68,09:15:00,78,10:33:00
2020/02/06,11670,11631,11683,11648,up,09:15:00,11660.0,up,09:15:00,11683,up,09:15:00,11683,0,09:22:00,21,09:20:00,12,09:15:00
2020/02/07,11666,11631,11658,11604,down,09:05:00,11640.0,down,09:04:00,11613,down,09:04:00,11613,-14,09:06:00,23,09:11:00,40,09:18:00
2020/02/10,11462,11413,11478,11433,up,09:20:00,11448.0,up,09:19:00,11475,up,09:19:00,11475,0,09:28:00,21,09:26:00,10,09:19:00
