date,max,max_time,max_open,max_close,max_min,max_judge,min,min_time,min_open,min_close,min_max,min_judge
2019/01/02,9762,08:50:00,9760,9743,9743,99999999,9506,12:40:00,9525,9516,9526,1.0
2019/01/03,9547,10:10:00,9539,9535,9535,99999999,9433,09:25:00,9469,9446,9470,0.54166666666666663
2019/01/04,9410,11:30:00,9394,9407,9394,0.23076923076923078,9305,09:35:00,9308,9316,9329,0.84615384615384615
2019/01/07,9588,12:55:00,9586,9579,9578,9.0,9490,09:40:00,9518,9492,9521,0.068965517241379309
2019/01/08,9611,08:55:00,9603,9603,9598,1.6000000000000001,9532,09:20:00,9552,9547,9559,1.25
2019/01/09,9755,12:55:00,9752,9754,9750,0.25,9602,09:05:00,9615,9619,9622,5.666666666666667
2019/01/10,9713,10:10:00,9704,9699,9699,99999999,9673,09:20:00,9679,9688,9689,15.0
2019/01/11,9803,10:10:00,9800,9784,9781,6.333333333333333,9724,09:35:00,9730,9735,9739,2.75
2019/01/14,9756,09:15:00,9743,9750,9743,0.8571428571428571,9660,11:25:00,9665,9667,9669,3.5
2019/01/15,9817,10:20:00,9795,9808,9794,0.6428571428571429,9715,09:05:00,9724,9719,9729,0.40000000000000002
2019/01/16,9804,10:35:00,9801,9800,9798,2.0,9755,09:40:00,9759,9762,9765,2.3333333333333335
2019/01/17,9834,09:10:00,9814,9823,9811,0.91666666666666663,9721,09:50:00,9729,9731,9737,1.6666666666666667
2019/01/18,9846,11:20:00,9841,9841,9841,99999999,9770,09:10:00,9785,9774,9789,0.26666666666666666
2019/01/21,9919,10:10:00,9909,9915,9905,0.40000000000000002,9856,09:25:00,9875,9867,9879,0.91666666666666663
2019/01/22,9868,09:30:00,9858,9864,9858,0.66666666666666663,9822,08:50:00,9841,9830,9843,0.61538461538461542
2019/01/23,9860,09:50:00,9854,9857,9852,0.59999999999999998,9807,13:05:00,9820,9811,9821,0.40000000000000002
2019/01/24,9884,09:10:00,9867,9876,9866,0.80000000000000004,9820,10:35:00,9839,9823,9840,0.17647058823529413
2019/01/25,9989,11:45:00,9980,9988,9980,0.125,9911,09:30:00,9917,9927,9927,99999999
2019/01/28,10018,10:10:00,10012,10009,10007,4.5,9975,08:50:00,10000,9994,10000,3.1666666666666665
2019/01/29,9936,09:35:00,9927,9919,9917,8.5,9880,10:45:00,9887,9885,9887,2.5
2019/01/30,9956,11:25:00,9948,9952,9947,0.80000000000000004,9896,09:30:00,9908,9899,9909,0.29999999999999999
2019/02/11,10067,09:10:00,10031,10062,10031,0.16129032258064516,9966,09:55:00,9974,9980,9980,99999999
2019/02/12,10093,12:35:00,10090,10086,10085,7.0,10029,09:05:00,10040,10035,10040,1.2
2019/02/13,10128,08:50:00,10125,10121,10116,1.3999999999999999,10055,10:25:00,10079,10057,10080,0.086956521739130432
2019/02/14,10124,09:50:00,10121,10106,10106,99999999,10034,09:00:00,10043,10054,10055,20.0
2019/02/15,10116,09:35:00,10115,10101,10096,3.0,10022,10:45:00,10048,10035,10049,0.9285714285714286
2019/02/18,10161,10:35:00,10154,10159,10154,0.40000000000000002,10098,09:05:00,10103,10125,10125,99999999
2019/02/19,10158,12:55:00,10152,10156,10150,0.33333333333333331,10104,08:50:00,10123,10119,10125,2.5
2019/02/20,10262,09:50:00,10261,10253,10250,3.0,10177,08:50:00,10183,10191,10193,7.0
2019/02/21,10327,13:45:00,10313,10324,10312,0.25,10232,09:35:00,10236,10242,10248,1.6666666666666667
2019/02/22,10312,13:45:00,10306,10310,10303,0.2857142857142857,10245,09:45:00,10248,10263,10263,99999999
2019/02/25,10378,09:50:00,10369,10370,10368,4.0,10324,10:50:00,10337,10330,10338,0.75
2019/02/26,10394,09:20:00,10388,10387,10386,7.0,10336,10:50:00,10344,10352,10353,16.0
2019/02/27,10384,09:00:00,10380,10377,10375,3.5,10325,09:25:00,10343,10340,10343,5.0
2019/03/04,10400,08:50:00,10390,10363,10361,18.5,10276,10:45:00,10282,10282,10292,0.59999999999999998
2019/03/05,10306,11:05:00,10298,10297,10296,9.0,10248,08:50:00,10260,10253,10265,0.41666666666666669
2019/03/06,10333,10:40:00,10321,10330,10320,0.29999999999999999,10282,08:50:00,10283,10299,10304,3.3999999999999999
2019/03/07,10335,09:15:00,10325,10329,10324,1.2,10260,13:45:00,10264,10262,10265,0.66666666666666663
2019/03/08,10244,10:50:00,10232,10230,10229,14.0,10162,09:50:00,10166,10174,10175,12.0
2019/03/11,10234,13:20:00,10229,10233,10228,0.20000000000000001,10168,08:50:00,10170,10185,10185,99999999
2019/03/12,10385,11:10:00,10379,10382,10378,0.75,10300,08:50:00,10301,10318,10320,9.0
2019/03/13,10365,13:45:00,10360,10365,10358,0.0,10305,10:35:00,10310,10314,10315,9.0
2019/03/14,10392,08:50:00,10390,10377,10373,3.75,10322,11:50:00,10330,10328,10330,3.0
2019/03/15,10430,11:05:00,10428,10427,10425,1.5,10347,08:50:00,10355,10359,10363,3.0
2019/03/18,10487,13:35:00,10484,10485,10482,0.66666666666666663,10420,09:20:00,10437,10425,10437,0.41666666666666669
2019/03/19,10511,13:00:00,10510,10505,10504,6.0,10461,10:00:00,10467,10466,10468,2.5
2019/03/20,10549,13:05:00,10533,10545,10531,0.2857142857142857,10492,08:50:00,10493,10500,10504,2.0
2019/03/21,10593,13:45:00,10585,10590,10583,0.42857142857142855,10532,08:50:00,10538,10551,10552,19.0
2019/03/22,10659,09:40:00,10651,10649,10646,3.3333333333333335,10560,11:05:00,10564,10568,10571,2.6666666666666665
2019/03/25,10486,10:05:00,10467,10476,10467,1.1111111111111112,10423,12:45:00,10428,10427,10429,2.0
2019/03/26,10538,09:40:00,10534,10528,10526,5.0,10480,08:50:00,10482,10491,10491,99999999
2019/03/27,10533,12:35:00,10531,10527,10527,99999999,10473,09:20:00,10477,10482,10486,2.25
2019/03/28,10515,12:10:00,10510,10510,10507,1.6666666666666667,10444,08:50:00,10450,10460,10460,99999999
2019/03/29,10600,13:40:00,10593,10597,10591,0.5,10476,09:25:00,10496,10492,10497,3.2000000000000002
2019/04/01,10715,09:10:00,10708,10695,10692,6.666666666666667,10615,12:45:00,10638,10625,10639,0.7142857142857143
2019/04/02,10704,09:20:00,10697,10698,10692,1.0,10668,11:05:00,10673,10682,10682,99999999
2019/04/03,10728,09:05:00,10713,10707,10705,10.5,10671,10:05:00,10683,10674,10684,0.29999999999999999
2019/04/08,10795,11:15:00,10788,10795,10788,0.0,10745,09:20:00,10754,10758,10762,3.25
2019/04/09,10848,13:35:00,10843,10843,10839,1.25,10782,09:20:00,10789,10790,10792,4.0
2019/04/10,10869,13:20:00,10868,10863,10862,6.0,10812,09:50:00,10826,10821,10827,1.5
2019/04/11,10885,09:35:00,10877,10877,10872,1.6000000000000001,10775,11:35:00,10784,10785,10789,2.5
2019/04/12,10831,09:00:00,10812,10828,10811,0.17647058823529413,10782,11:20:00,10798,10789,10798,0.77777777777777779
2019/04/15,10895,10:55:00,10890,10892,10889,1.0,10843,09:15:00,10863,10846,10864,0.16666666666666666
2019/04/16,10932,13:45:00,10925,10931,10925,0.16666666666666666,10863,08:55:00,10869,10868,10871,1.6666666666666667
2019/04/17,11010,13:05:00,10988,11003,10986,0.41176470588235292,10948,08:50:00,10954,10955,10956,7.0
2019/04/18,11039,09:10:00,11035,11028,11026,5.5,10920,13:05:00,10947,10929,10950,0.42857142857142855
2019/04/19,11036,09:40:00,11028,11026,11024,5.0,10954,11:05:00,10967,10955,10970,0.066666666666666666
2019/04/22,11030,08:50:00,11008,11029,11006,0.043478260869565216,10958,12:00:00,10963,10962,10968,0.66666666666666663
2019/04/23,11024,13:45:00,11020,11024,11020,0.0,10934,09:25:00,10941,10941,10943,3.5
2019/04/24,11057,08:50:00,11050,11041,11039,8.0,10970,12:45:00,10979,10976,10983,0.8571428571428571
2019/04/25,11041,10:25:00,11035,11037,11031,0.66666666666666663,10977,09:10:00,10988,10989,10989,99999999
2019/04/26,10972,08:50:00,10962,10959,10954,2.6000000000000001,10900,11:25:00,10903,10902,10906,0.5
2019/04/29,10978,09:25:00,10971,10962,10962,99999999,10902,09:55:00,10921,10912,10926,0.7142857142857143
2019/04/30,10961,13:30:00,10956,10948,10948,99999999,10883,08:50:00,10912,10893,10918,0.40000000000000002
2019/05/02,11033,09:30:00,11020,11026,11020,1.1666666666666667,10933,08:50:00,10947,10943,10949,1.6666666666666667
2019/05/03,11094,13:45:00,11091,11092,11088,0.5,10975,08:55:00,10984,10981,10985,1.5
2019/05/06,10980,08:50:00,10980,10955,10941,1.7857142857142858,10821,11:00:00,10827,10837,10838,16.0
2019/05/07,10996,11:20:00,10993,10981,10978,5.0,10900,08:50:00,10900,10912,10913,12.0
2019/05/08,10943,10:55:00,10941,10933,10932,10.0,10841,08:50:00,10849,10887,10905,2.5555555555555554
2019/05/09,10866,09:10:00,10855,10847,10847,99999999,10716,12:45:00,10724,10720,10725,0.80000000000000004
2019/05/10,10850,10:00:00,10842,10845,10841,1.25,10646,12:40:00,10650,10681,10685,8.75
2019/05/13,10708,08:50:00,10686,10683,10683,99999999,10565,13:35:00,10576,10569,10580,0.36363636363636365
2019/05/14,10571,10:35:00,10563,10569,10560,0.22222222222222221,10399,09:05:00,10464,10407,10472,0.12307692307692308
2019/05/15,10609,12:15:00,10604,10604,10601,1.6666666666666667,10513,08:55:00,10520,10526,10526,99999999
2019/05/16,10574,10:45:00,10564,10568,10560,0.75,10483,13:35:00,10494,10484,10495,0.090909090909090912
2019/05/17,10566,09:05:00,10556,10560,10541,0.31578947368421051,10406,13:35:00,10412,10408,10414,0.33333333333333331
2019/05/20,10485,09:45:00,10473,10468,10466,8.5,10405,10:10:00,10413,10424,10433,2.1111111111111112
2019/05/21,10502,13:10:00,10492,10499,10489,0.29999999999999999,10378,09:05:00,10392,10418,10420,20.0
2019/05/22,10515,10:15:00,10497,10510,10495,0.33333333333333331,10453,09:00:00,10477,10464,10477,0.84615384615384615
2019/05/23,10424,08:50:00,10422,10386,10381,7.5999999999999996,10285,10:25:00,10302,10312,10312,99999999
2019/05/24,10386,09:40:00,10371,10380,10371,0.66666666666666663,10315,08:50:00,10316,10352,10356,9.25
2019/05/27,10390,08:50:00,10350,10368,10347,1.0476190476190477,10284,10:45:00,10296,10297,10298,13.0
2019/05/28,10374,08:50:00,10369,10366,10357,0.88888888888888884,10309,10:25:00,10313,10315,10318,2.0
2019/05/29,10295,10:30:00,10284,10287,10282,1.6000000000000001,10218,08:50:00,10220,10238,10241,6.666666666666667
2019/05/30,10382,13:05:00,10361,10377,10357,0.25,10279,09:00:00,10293,10286,10295,0.77777777777777779
2019/05/31,10493,12:30:00,10487,10492,10486,0.16666666666666666,10330,08:50:00,10332,10348,10350,9.0
2019/06/03,10477,13:45:00,10452,10471,10451,0.29999999999999999,10366,09:15:00,10394,10368,10394,0.076923076923076927
2019/06/04,10483,09:20:00,10474,10467,10466,16.0,10401,10:50:00,10407,10410,10412,4.5
2019/06/05,10510,09:05:00,10495,10503,10491,0.58333333333333337,10439,13:05:00,10446,10450,10453,3.6666666666666665
2019/06/06,10437,08:50:00,10433,10382,10372,5.5,10351,12:25:00,10353,10358,10359,7.0
2019/06/10,10546,13:20:00,10544,10541,10541,99999999,10442,09:20:00,10455,10451,10461,0.90000000000000002
2019/06/11,10618,11:45:00,10614,10614,10613,4.0,10533,09:10:00,10549,10540,10556,0.4375
2019/06/12,10611,13:05:00,10603,10609,10602,0.2857142857142857,10564,09:40:00,10581,10569,10582,0.38461538461538464
2019/06/13,10589,09:30:00,10582,10585,10579,0.66666666666666663,10497,10:20:00,10504,10511,10514,4.666666666666667
2019/06/14,10558,10:35:00,10554,10554,10550,1.0,10516,09:05:00,10525,10525,10543,0.5
2019/06/17,10565,09:50:00,10555,10553,10548,2.3999999999999999,10460,09:15:00,10464,10477,10481,4.25
2019/06/18,10576,09:05:00,10559,10563,10548,0.8666666666666667,10526,09:55:00,10534,10536,10538,5.0
2019/06/19,10800,13:05:00,10776,10777,10771,3.8333333333333335,10667,08:50:00,10680,10672,10689,0.29411764705882354
2019/06/20,10605,11:30:00,10602,10597,10597,99999999,10558,09:05:00,10570,10570,10575,2.3999999999999999
2019/06/21,10641,09:05:00,10639,10631,10618,0.76923076923076927,10564,12:40:00,10571,10567,10573,0.5
2019/06/24,10647,10:55:00,10631,10639,10630,0.88888888888888884,10553,09:25:00,10569,10567,10575,1.75
2019/06/25,10630,09:05:00,10615,10615,10610,3.0,10523,12:30:00,10530,10525,10534,0.22222222222222221
2019/06/26,10541,09:10:00,10534,10531,10527,2.5,10499,12:15:00,10502,10502,10503,3.0
2019/06/27,10642,13:15:00,10639,10637,10636,5.0,10532,08:50:00,10535,10549,10551,8.5
2019/06/28,10627,09:05:00,10614,10610,10609,17.0,10550,13:10:00,10566,10561,10569,1.375
2019/07/01,10780,11:00:00,10777,10776,10775,4.0,10693,09:00:00,10706,10714,10715,21.0
2019/07/02,10766,09:50:00,10764,10763,10759,0.75,10729,09:15:00,10741,10733,10742,0.44444444444444442
2019/07/03,10741,08:50:00,10733,10701,10202,0.080160320641282562,10202,08:50:00,10733,10701,10741,12.475
2019/07/04,10729,09:40:00,10722,10725,10717,0.5,10677,10:50:00,10693,10686,10693,1.2857142857142858
2019/07/05,10749,09:05:00,10725,10744,10724,0.25,10682,10:00:00,10691,10686,10694,0.5
2019/07/08,10711,09:30:00,10687,10707,10685,0.18181818181818182,10630,08:50:00,10655,10637,10658,0.33333333333333331
2019/07/09,10699,08:50:00,10688,10686,10683,4.333333333333333,10631,11:30:00,10634,10634,10638,0.75
2019/07/10,10741,13:20:00,10739,10737,10736,4.0,10689,10:05:00,10691,10697,10697,99999999
2019/07/11,10833,12:00:00,10830,10831,10830,2.0,10772,09:20:00,10778,10781,10784,3.0
2019/07/12,10830,10:10:00,10823,10829,10823,0.16666666666666666,10788,08:50:00,10789,10807,10808,19.0
2019/07/15,10860,12:15:00,10851,10858,10851,0.2857142857142857,10730,09:35:00,10754,10735,10758,0.21739130434782608
2019/07/16,10892,11:40:00,10887,10891,10887,0.25,10851,09:05:00,10857,10865,10868,4.666666666666667
2019/07/17,10855,13:00:00,10846,10851,10846,0.80000000000000004,10805,11:10:00,10827,10810,10827,0.29411764705882354
2019/07/18,10676,09:35:00,10666,10669,10661,0.875,10623,08:50:00,10625,10637,10638,14.0
2019/07/19,10792,10:15:00,10790,10789,10788,3.0,10727,13:45:00,10728,10744,10745,17.0
2019/07/22,10798,11:30:00,10794,10796,10794,1.0,10729,08:50:00,10735,10747,10752,3.6000000000000001
2019/07/23,10836,10:00:00,10833,10834,10831,0.66666666666666663,10785,10:50:00,10797,10794,10798,2.25
2019/07/24,10835,09:05:00,10826,10831,10825,0.66666666666666663,10792,13:20:00,10798,10799,10799,99999999
2019/07/25,10831,08:50:00,10825,10824,10823,7.0,10769,09:10:00,10802,10784,10803,0.78947368421052633
2019/07/26,10795,10:20:00,10792,10790,10790,99999999,10765,09:25:00,10773,10777,10778,12.0
2019/07/29,10802,12:20:00,10787,10797,10787,0.5,10744,09:05:00,10752,10769,10771,12.5
2019/07/30,10836,09:05:00,10830,10819,10817,8.5,10751,13:45:00,10754,10752,10755,0.33333333333333331
2019/07/31,10743,12:25:00,10738,10741,10737,0.5,10674,10:35:00,10676,10690,10690,99999999
2019/08/01,10697,10:10:00,10691,10694,10688,0.5,10623,11:05:00,10642,10637,10643,2.3333333333333335
2019/08/02,10535,08:50:00,10518,10529,10509,0.29999999999999999,10441,10:40:00,10446,10453,10461,1.5
2019/08/05,10460,09:10:00,10448,10443,10441,8.5,10358,11:35:00,10361,10366,10370,2.0
2019/08/06,10387,12:10:00,10380,10379,10376,2.6666666666666665,10095,08:50:00,10096,10129,10140,3.0909090909090908
2019/08/07,10375,09:05:00,10352,10374,10347,0.037037037037037035,10301,10:45:00,10322,10317,10322,3.2000000000000002
2019/08/08,10454,10:00:00,10441,10450,10441,0.44444444444444442,10340,09:05:00,10350,10354,10360,2.3333333333333335
2019/08/12,10477,10:30:00,10471,10472,10468,1.25,10380,08:50:00,10439,10413,10470,0.57894736842105265
2019/08/13,10400,09:05:00,10391,10395,10388,0.7142857142857143,10319,10:05:00,10342,10324,10345,0.23809523809523808
2019/08/14,10492,09:20:00,10486,10480,10470,1.2,10416,13:35:00,10418,10425,10426,9.0
2019/08/15,10335,10:00:00,10327,10324,10318,1.8333333333333333,10242,08:50:00,10255,10265,10269,5.75
2019/08/16,10421,13:10:00,10415,10419,10413,0.33333333333333331,10288,09:45:00,10291,10291,10297,0.5
2019/08/19,10489,11:05:00,10479,10479,10477,5.0,10419,08:50:00,10436,10430,10442,0.91666666666666663
2019/08/20,10530,11:15:00,10526,10524,10521,2.0,10478,08:55:00,10483,10479,10484,0.20000000000000001
2019/08/21,10544,13:00:00,10522,10539,10521,0.27777777777777779,10505,08:50:00,10514,10513,10514,8.0
2019/08/22,10564,09:35:00,10548,10561,10545,0.1875,10464,11:15:00,10484,10468,10486,0.22222222222222221
2019/08/23,10513,11:15:00,10511,10506,10504,3.5,10460,09:35:00,10475,10465,10481,0.3125
2019/08/26,10367,10:50:00,10340,10362,10333,0.17241379310344829,10294,10:20:00,10300,10298,10306,0.5
2019/08/27,10390,08:50:00,10372,10376,10369,2.0,10343,13:30:00,10350,10357,10360,4.666666666666667
2019/08/28,10438,09:35:00,10432,10432,10430,3.0,10388,08:50:00,10390,10398,10398,99999999
2019/08/30,10584,13:35:00,10576,10579,10573,0.83333333333333337,10517,08:50:00,10520,10523,10529,1.0
2019/09/02,10615,13:30:00,10609,10614,10607,0.14285714285714285,10556,08:50:00,10564,10558,10569,0.18181818181818182
2019/09/03,10632,10:10:00,10628,10619,10619,99999999,10537,13:15:00,10540,10545,10548,2.6666666666666665
2019/09/04,10657,13:25:00,10653,10654,10652,1.5,10558,08:50:00,10563,10571,10572,13.0
2019/09/05,10762,10:10:00,10759,10754,10753,8.0,10703,09:25:00,10707,10713,10716,3.3333333333333335
2019/09/06,10783,12:20:00,10777,10775,10775,99999999,10741,09:55:00,10754,10750,10755,1.8
2019/09/09,10827,09:05:00,10819,10809,10807,9.0,10773,10:50:00,10781,10778,10783,1.0
2019/09/10,10814,08:50:00,10801,10811,10800,0.27272727272727271,10731,10:30:00,10737,10734,10741,0.42857142857142855
2019/09/11,10808,09:10:00,10794,10798,10794,2.5,10751,10:20:00,10761,10757,10763,1.0
2019/09/12,10870,09:00:00,10867,10860,10855,2.0,10801,10:30:00,10806,10807,10810,2.0
2019/09/16,10885,11:50:00,10882,10877,10876,8.0,10802,08:50:00,10802,10810,10815,1.6000000000000001
2019/09/17,10910,08:50:00,10907,10901,10896,1.8,10858,10:10:00,10865,10864,10866,3.0
2019/09/18,10963,13:10:00,10957,10959,10955,1.0,10884,09:10:00,10886,10902,10903,18.0
2019/09/19,10936,09:30:00,10925,10934,10925,0.22222222222222221,10851,11:20:00,10857,10862,10862,99999999
2019/09/20,10912,09:35:00,10906,10905,10903,3.5,10884,09:55:00,10896,10887,10898,0.27272727272727271
2019/09/23,10929,09:55:00,10917,10915,10914,14.0,10872,11:05:00,10885,10881,10886,1.8
2019/09/24,10932,11:25:00,10927,10922,10922,99999999,10865,09:50:00,10876,10866,10877,0.090909090909090912
2019/09/25,10873,08:50:00,10865,10860,10860,99999999,10805,10:10:00,10816,10816,10817,11.0
2019/09/26,10895,09:05:00,10888,10889,10884,1.2,10828,12:20:00,10835,10828,10836,0.0
2019/09/27,10897,09:05:00,10890,10890,10885,1.3999999999999999,10811,13:30:00,10818,10815,10818,1.3333333333333333
2019/10/01,10962,13:30:00,10959,10960,10957,0.66666666666666663,10856,08:50:00,10856,10888,10912,1.3333333333333333
2019/10/02,10948,10:45:00,10945,10946,10943,0.66666666666666663,10912,08:50:00,10916,10924,10925,12.0
2019/10/03,10877,11:35:00,10871,10876,10869,0.14285714285714285,10773,08:55:00,10797,10785,10798,0.92307692307692313
2019/10/04,10912,09:10:00,10891,10903,10889,0.6428571428571429,10820,11:20:00,10829,10831,10832,11.0
2019/10/07,10937,10:05:00,10934,10925,10924,12.0,10886,09:05:00,10906,10889,10915,0.11538461538461539
2019/10/08,11021,11:00:00,11019,11018,11017,3.0,10950,08:50:00,10958,10959,10966,1.2857142857142858
2019/10/09,10969,09:30:00,10966,10953,10953,99999999,10880,13:45:00,10892,10880,10892,0.0
2019/10/14,11092,10:15:00,11089,11087,11085,2.5,11030,09:20:00,11037,11041,11041,99999999
2019/10/15,11122,10:55:00,11115,11119,11115,0.75,11073,08:50:00,11083,11086,11088,6.5
2019/10/16,11171,10:45:00,11157,11162,11156,1.5,11130,09:40:00,11141,11134,11142,0.5
2019/10/17,11161,13:40:00,11155,11159,11153,0.33333333333333331,11117,09:05:00,11139,11121,11140,0.21052631578947367
2019/10/18,11223,09:15:00,11175,11205,11171,0.52941176470588236,11132,11:05:00,11137,11142,11142,99999999
2019/10/21,11168,11:15:00,11164,11164,11162,2.0,11133,09:35:00,11139,11142,11146,2.25
2019/10/22,11252,09:20:00,11243,11242,11241,10.0,11191,10:00:00,11206,11193,11210,0.11764705882352941
2019/10/23,11254,09:40:00,11248,11249,11248,5.0,11182,12:15:00,11199,11186,11200,0.2857142857142857
2019/10/24,11292,13:45:00,11279,11291,11279,0.083333333333333329,11225,08:50:00,11232,11237,11237,99999999
2019/10/25,11328,09:00:00,11324,11324,11320,1.0,11264,09:50:00,11274,11270,11278,0.75
2019/10/28,11342,08:50:00,11334,11333,11330,3.0,11291,09:50:00,11292,11299,11305,1.3333333333333333
2019/10/29,11366,09:45:00,11350,11360,11350,0.59999999999999998,11293,12:25:00,11295,11300,11301,7.0
2019/10/30,11351,13:05:00,11336,11342,11334,1.125,11295,09:10:00,11297,11305,11309,2.5
2019/10/31,11396,09:50:00,11389,11394,11387,0.2857142857142857,11341,13:30:00,11352,11341,11357,0.0
2019/11/01,11377,13:35:00,11371,11374,11369,0.59999999999999998,11316,09:20:00,11320,11320,11325,0.80000000000000004
2019/11/04,11554,13:25:00,11544,11553,11543,0.10000000000000001,11413,08:50:00,11416,11420,11422,3.5
2019/11/05,11650,13:45:00,11642,11645,11641,1.25,11566,09:05:00,11574,11580,11583,4.666666666666667
2019/11/06,11675,13:10:00,11673,11665,11663,5.0,11600,10:45:00,11603,11615,11617,7.5
2019/11/07,11637,09:35:00,11624,11625,11622,4.0,11558,11:40:00,11565,11568,11569,10.0
2019/11/08,11648,08:50:00,11646,11640,11634,1.3333333333333333,11554,10:30:00,11566,11559,11567,0.625
2019/11/11,11581,08:50:00,11577,11564,11561,5.666666666666667,11424,13:05:00,11445,11431,11445,0.5
2019/11/12,11528,13:45:00,11522,11523,11521,2.5,11466,10:05:00,11473,11473,11474,7.0
2019/11/13,11494,09:35:00,11492,11474,11474,99999999,11428,10:10:00,11431,11446,11447,18.0
2019/11/14,11496,09:05:00,11488,11491,11484,0.7142857142857143,11413,11:00:00,11422,11423,11425,5.0
2019/11/15,11563,09:10:00,11550,11553,11549,2.5,11480,08:50:00,11485,11518,11518,99999999
2019/11/18,11594,13:35:00,11586,11593,11584,0.1111111111111111,11507,08:50:00,11533,11514,11537,0.30434782608695654
2019/11/19,11654,13:35:00,11651,11647,11646,7.0,11563,09:00:00,11566,11580,11581,17.0
2019/11/20,11644,08:55:00,11632,11640,11631,0.44444444444444442,11594,12:00:00,11607,11596,11608,0.16666666666666666
2019/11/21,11551,13:35:00,11550,11547,11545,2.0,11450,10:00:00,11452,11464,11467,4.666666666666667
2019/11/22,11592,08:50:00,11565,11579,11561,0.72222222222222221,11531,11:10:00,11533,11534,11536,1.5
2019/11/25,11629,09:00:00,11620,11619,11618,10.0,11559,13:30:00,11569,11568,11571,3.0
2019/11/26,11658,09:50:00,11640,11649,11640,1.0,11603,09:10:00,11615,11611,11616,1.6000000000000001
2019/11/27,11651,13:30:00,11647,11646,11646,99999999,11596,09:40:00,11617,11596,11617,0.0
2019/11/29,11613,08:50:00,11604,11608,11602,0.83333333333333337,11462,13:45:00,11469,11465,11472,0.42857142857142855
2019/12/02,11533,09:05:00,11529,11513,11512,20.0,11459,10:05:00,11481,11472,11484,1.0833333333333333
2019/12/03,11527,11:25:00,11523,11520,11518,3.5,11439,08:50:00,11444,11446,11453,1.0
2019/12/04,11505,13:45:00,11503,11503,11501,1.0,11443,11:15:00,11450,11451,11451,99999999
2019/12/05,11618,09:45:00,11616,11599,11597,9.5,11532,09:00:00,11544,11543,11545,5.5
2019/12/06,11670,09:00:00,11666,11658,11656,6.0,11580,12:40:00,11589,11586,11590,1.5
2019/12/09,11699,10:45:00,11692,11693,11688,1.2,11633,09:10:00,11652,11635,11655,0.10000000000000001
2019/12/10,11656,08:50:00,11647,11653,11644,0.33333333333333331,11605,13:00:00,11608,11608,11611,1.0
2019/12/11,11706,13:45:00,11698,11706,11696,0.0,11594,08:50:00,11600,11602,11606,2.0
2019/12/12,11888,11:00:00,11885,11884,11881,1.3333333333333333,11754,08:50:00,11765,11760,11768,0.75
2019/12/13,12007,08:50:00,11977,11998,11972,0.34615384615384615,11917,10:30:00,11931,11923,11936,0.46153846153846156
2019/12/16,11976,10:25:00,11962,11972,11957,0.26666666666666666,11922,09:05:00,11939,11934,11941,1.7142857142857142
2019/12/17,12102,13:45:00,12092,12101,12091,0.10000000000000001,11945,09:00:00,11960,11951,11962,0.54545454545454541
2019/12/18,12129,12:25:00,12112,12128,12112,0.0625,12065,08:50:00,12077,12075,12078,3.3333333333333335
2019/12/19,12115,08:50:00,12110,12103,12099,3.0,12015,13:30:00,12025,12028,12032,3.25
2019/12/20,12063,08:50:00,12063,12053,12038,0.66666666666666663,11951,09:25:00,11959,11967,11974,2.2857142857142856
2019/12/23,12028,09:10:00,12016,12016,12014,6.0,11972,09:45:00,11981,11996,11996,99999999
2019/12/24,12044,08:50:00,12030,12035,12027,1.125,11983,13:35:00,11985,11985,11987,1.0
2019/12/25,12027,13:25:00,12023,12025,12023,1.0,11976,09:00:00,11984,11987,11987,99999999
2019/12/26,12042,08:50:00,12029,12037,12028,0.55555555555555558,11986,10:05:00,11992,11996,11996,99999999
2019/12/27,12112,10:55:00,12106,12110,12106,0.5,12037,08:50:00,12038,12044,12054,0.69999999999999996
2019/12/30,12125,09:15:00,12116,12120,12115,1.0,12065,13:10:00,12084,12070,12084,0.35714285714285715
2019/12/31,12049,09:20:00,12039,12040,12037,3.0,11992,13:45:00,11998,11995,11999,0.75
2020/01/02,12120,12:20:00,12119,12117,12117,99999999,12023,09:25:00,12036,12030,12036,1.1666666666666667
2020/01/03,12198,09:20:00,12171,12185,12170,0.8666666666666667,11996,10:50:00,12032,12008,12034,0.46153846153846156
2020/01/06,12034,08:50:00,12017,12029,12010,0.26315789473684209,11948,13:45:00,11953,11950,11955,0.40000000000000002
2020/01/07,12009,08:50:00,11995,12001,11991,0.80000000000000004,11816,11:25:00,11828,11824,11828,2.0
2020/01/08,11892,10:50:00,11884,11878,11873,2.7999999999999998,11697,08:50:00,11728,11745,11746,48.0
2020/01/09,11998,10:55:00,11985,11989,11984,1.8,11883,09:05:00,11898,11887,11908,0.19047619047619047
2020/01/10,12042,09:05:00,12025,12012,12005,4.2857142857142856,11953,10:05:00,11967,11958,11972,0.35714285714285715
2020/01/13,12121,11:05:00,12114,12114,12113,7.0,12044,09:10:00,12083,12046,12083,0.054054054054054057
2020/01/14,12199,09:50:00,12194,12187,12186,12.0,12148,13:05:00,12160,12151,12160,0.33333333333333331
2020/01/15,12175,09:15:00,12172,12169,12155,0.42857142857142855,12058,13:10:00,12075,12061,12075,0.21428571428571427
2020/01/16,12078,10:05:00,12071,12076,12070,0.33333333333333331,11990,09:05:00,11997,12026,12031,7.2000000000000002
2020/01/17,12118,08:50:00,12103,12111,12102,0.77777777777777779,12029,09:50:00,12035,12051,12053,11.0
2020/01/20,12160,10:35:00,12145,12158,12145,0.15384615384615385,12097,09:10:00,12108,12111,12112,14.0
2020/01/30,11798,08:55:00,11758,11791,11756,0.20000000000000001,11366,13:45:00,11389,11370,11392,0.18181818181818182
2020/01/31,11567,09:20:00,11554,11558,11536,0.40909090909090912,11407,10:00:00,11430,11410,11445,0.085714285714285715
2020/02/03,11370,10:20:00,11313,11360,11311,0.20408163265306123,11152,09:10:00,11190,11264,11277,8.615384615384615
2020/02/04,11557,11:40:00,11545,11549,11543,1.3333333333333333,11362,08:50:00,11373,11385,11385,99999999
2020/02/05,11620,10:35:00,11602,11603,11598,3.3999999999999999,11474,09:15:00,11521,11485,11524,0.28205128205128205
2020/02/06,11744,13:30:00,11736,11738,11733,1.2,11628,09:05:00,11638,11647,11650,6.333333333333333
2020/02/07,11666,08:50:00,11660,11636,11631,6.0,11566,13:05:00,11584,11570,11584,0.2857142857142857
2020/02/10,11598,10:40:00,11587,11593,11582,0.45454545454545453,11402,09:10:00,11429,11425,11432,3.2857142857142856
2020/02/11,11689,10:50:00,11687,11679,11679,99999999,11613,09:10:00,11638,11626,11641,0.8666666666666667
2020/02/12,11797,13:10:00,11792,11790,11790,99999999,11647,08:55:00,11653,11666,11666,99999999
2020/02/13,11837,09:15:00,11835,11826,11823,3.6666666666666665,11762,12:55:00,11771,11776,11776,99999999
2020/02/14,11852,11:10:00,11850,11846,11844,3.0,11755,08:50:00,11757,11776,11781,4.2000000000000002
2020/02/17,11792,09:50:00,11778,11782,11773,1.1111111111111112,11702,08:50:00,11710,11728,11729,26.0
2020/02/18,11719,08:50:00,11715,11682,11672,3.7000000000000002,11627,12:30:00,11644,11628,11645,0.058823529411764705
2020/02/19,11805,12:35:00,11798,11804,11796,0.125,11637,09:35:00,11648,11650,11652,6.5
2020/02/20,11830,08:50:00,11820,11822,11813,0.88888888888888884,11679,11:35:00,11690,11694,11695,15.0
2020/02/21,11765,09:20:00,11757,11747,11743,4.5,11636,11:00:00,11650,11644,11650,1.3333333333333333
2020/02/24,11587,09:20:00,11559,11578,11553,0.35999999999999999,11476,11:05:00,11501,11480,11502,0.18181818181818182
2020/02/25,11561,13:10:00,11550,11558,11549,0.33333333333333331,11386,08:55:00,11396,11426,11429,13.333333333333334
2020/02/26,11482,10:40:00,11472,11472,11470,5.0,11365,09:05:00,11387,11380,11414,0.44117647058823528
2020/02/27,11447,09:05:00,11410,11419,11407,2.3333333333333335,11237,13:00:00,11252,11250,11255,2.6000000000000001
2020/03/02,11278,11:00:00,11275,11255,11253,11.5,11005,08:50:00,11011,11080,11080,99999999
2020/03/03,11375,11:55:00,11370,11371,11368,1.3333333333333333,11278,09:50:00,11305,11281,11307,0.11538461538461539
2020/03/04,11369,09:05:00,11354,11320,11317,16.333333333333332,11267,10:20:00,11275,11287,11287,99999999
2020/03/05,11501,13:20:00,11499,11501,11496,0.0,11428,08:55:00,11444,11439,11446,1.5714285714285714
2020/03/06,11420,09:05:00,11415,11412,11392,0.40000000000000002,11260,10:20:00,11269,11296,11297,36.0
2020/03/09,11108,09:20:00,11106,11077,11069,3.875,10916,10:45:00,10934,10930,10935,2.7999999999999998
2020/03/10,10996,13:20:00,10985,10987,10978,1.0,10779,10:50:00,10780,10797,10800,6.0
2020/03/11,11029,09:15:00,11022,11011,11002,2.0,10807,13:40:00,10825,10817,10826,1.1111111111111112
2020/03/12,10765,08:50:00,10750,10731,10722,3.7777777777777777,10161,10:10:00,10273,10250,10280,2.9666666666666668
2020/03/13,10147,13:20:00,10053,10134,10032,0.12745098039215685,9450,09:30:00,9545,9466,9546,0.20000000000000001
2020/03/16,10055,09:10:00,10010,9970,9965,17.0,9636,13:00:00,9676,9670,9690,1.7
2020/03/17,9677,09:35:00,9587,9672,9584,0.056818181818181816,9271,08:50:00,9379,9350,9389,2.0256410256410255
2020/03/18,9489,09:55:00,9459,9471,9441,0.59999999999999998,9205,12:50:00,9252,9241,9252,3.2727272727272729
2020/03/19,8872,08:50:00,8820,8836,8810,1.3846153846153846,8268,11:10:00,8343,8351,8360,9.2222222222222214
2020/03/20,9166,10:25:00,9047,9083,9045,2.1842105263157894,8544,08:50:00,8562,8605,8615,6.0999999999999996
2020/03/23,8868,11:30:00,8840,8850,8825,0.71999999999999997,8555,09:10:00,8567,8647,8666,4.8421052631578947
2020/03/24,9295,10:40:00,9279,9289,9275,0.42857142857142855,8986,08:50:00,8998,9020,9045,1.3600000000000001
2020/03/25,9624,09:55:00,9592,9617,9584,0.21212121212121213,9370,08:50:00,9410,9383,9417,0.38235294117647056
2020/03/26,9690,08:50:00,9679,9634,9631,18.666666666666668,9426,09:30:00,9453,9441,9473,0.46875
2020/03/27,9910,08:50:00,9899,9852,9844,7.25,9548,13:45:00,9611,9583,9615,1.09375
2020/03/30,9576,13:45:00,9551,9576,9547,0.0,9266,09:20:00,9274,9316,9322,8.3333333333333339
2020/03/31,9717,09:05:00,9692,9687,9676,2.7272727272727271,9495,12:45:00,9514,9518,9522,5.75
2020/04/01,9650,10:20:00,9640,9630,9630,99999999,9551,13:45:00,9560,9555,9562,0.5714285714285714
2020/04/06,9860,08:50:00,9741,9791,9737,1.2777777777777777,9582,09:50:00,9610,9597,9629,0.46875
2020/04/07,10020,09:25:00,9983,10003,9975,0.6071428571428571,9878,10:20:00,9911,9883,9919,0.1388888888888889
2020/04/08,10135,13:20:00,10127,10129,10122,0.8571428571428571,9945,08:50:00,9950,9960,9970,1.5
2020/04/09,10197,09:15:00,10173,10191,10172,0.31578947368421051,10028,11:10:00,10041,10038,10050,0.83333333333333337
2020/04/10,10140,13:25:00,10132,10138,10130,0.25,10030,08:50:00,10038,10049,10067,1.0555555555555556
2020/04/13,10149,10:20:00,10129,10148,10120,0.035714285714285712,10031,09:20:00,10047,10063,10072,3.5555555555555554
2020/04/14,10355,12:35:00,10345,10351,10344,0.5714285714285714,10125,09:05:00,10146,10145,10157,1.6666666666666667
2020/04/15,10463,12:30:00,10460,10448,10442,2.5,10330,08:50:00,10347,10359,10368,3.2222222222222223
2020/04/16,10343,12:20:00,10338,10335,10330,1.6000000000000001,10161,08:50:00,10177,10184,10195,2.0909090909090908
2020/04/17,10669,09:50:00,10660,10647,10644,7.333333333333333,10456,11:45:00,10498,10468,10498,0.40000000000000002
2020/04/20,10560,08:50:00,10515,10550,10513,0.27027027027027029,10458,09:45:00,10490,10463,10490,0.18518518518518517
2020/04/21,10467,09:35:00,10462,10454,10444,1.3,10144,10:45:00,10160,10185,10189,10.25
2020/04/22,10226,13:45:00,10203,10225,10202,0.043478260869565216,10065,09:10:00,10086,10087,10098,2.0
2020/04/23,10402,09:25:00,10351,10394,10351,0.18604651162790697,10154,10:50:00,10165,10185,10186,31.0
2020/04/24,10292,11:10:00,10275,10277,10274,5.0,10211,09:25:00,10248,10234,10249,1.5333333333333334
2020/04/27,10567,13:05:00,10558,10561,10556,1.2,10368,08:50:00,10373,10396,10396,99999999
2020/04/28,10605,08:50:00,10600,10593,10589,3.0,10480,10:05:00,10488,10507,10507,99999999
2020/04/29,10770,12:10:00,10768,10767,10766,3.0,10631,09:05:00,10650,10672,10675,13.666666666666666
2020/04/30,10971,12:30:00,10955,10971,10952,0.0,10803,08:50:00,10813,10824,10825,21.0
2020/05/04,10699,12:10:00,10682,10693,10680,0.46153846153846156,10477,09:00:00,10492,10552,10563,6.8181818181818183
2020/05/05,10795,10:05:00,10793,10785,10776,1.1111111111111112,10658,10:55:00,10672,10685,10686,27.0
2020/05/06,10780,09:45:00,10740,10747,10737,3.2999999999999998,10618,09:15:00,10643,10629,10653,0.45833333333333331
2020/05/07,10877,11:20:00,10874,10861,10859,8.0,10710,08:55:00,10715,10717,10723,1.1666666666666667
2020/05/08,10956,09:10:00,10921,10951,10910,0.12195121951219512,10853,10:15:00,10868,10857,10868,0.36363636363636365
2020/05/11,11038,10:00:00,11029,11019,11017,9.5,10935,09:10:00,10968,10948,10969,0.61904761904761907
2020/05/12,10932,09:40:00,10926,10910,10908,11.0,10802,11:40:00,10804,10808,10818,0.59999999999999998
2020/05/13,10925,12:50:00,10918,10920,10918,2.5,10776,08:50:00,10783,10809,10809,99999999
2020/05/14,10877,09:20:00,10864,10864,10859,2.6000000000000001,10738,13:40:00,10741,10745,10747,3.5
2020/05/15,10869,09:10:00,10862,10827,10826,42.0,10701,10:20:00,10718,10719,10726,2.5714285714285716
2020/05/18,10824,11:25:00,10805,10816,10805,0.72727272727272729,10724,09:40:00,10748,10747,10749,11.5
2020/05/19,10964,08:50:00,10932,10955,10932,0.39130434782608697,10836,11:10:00,10853,10850,10854,3.5
2020/05/20,10960,09:50:00,10933,10950,10931,0.52631578947368418,10853,11:05:00,10872,10867,10872,2.7999999999999998
2020/05/21,11008,09:35:00,10998,10983,10978,5.0,10894,09:10:00,10900,10913,10917,4.75
2020/05/22,10935,08:50:00,10928,10917,10911,3.0,10723,13:25:00,10734,10727,10736,0.44444444444444442
2020/05/25,10840,13:30:00,10837,10837,10835,1.5,10651,09:35:00,10682,10676,10694,1.3888888888888888
2020/05/26,11027,10:35:00,11025,11011,11010,16.0,10891,09:05:00,10914,10918,10924,4.5
2020/05/27,11037,09:05:00,11003,11013,11001,2.0,10926,10:25:00,10940,10940,10946,2.3333333333333335
2020/05/28,11077,08:55:00,11067,11069,11064,1.6000000000000001,10856,12:25:00,10889,10876,10894,1.1111111111111112
2020/06/01,11103,09:55:00,11094,11088,11082,2.5,10971,08:50:00,10983,10996,10997,25.0
2020/06/02,11140,09:20:00,11135,11115,11113,12.5,11072,10:20:00,11095,11083,11100,0.6470588235294118
2020/06/03,11299,13:15:00,11297,11295,11293,2.0,11206,09:40:00,11210,11222,11230,2.0
2020/06/04,11425,09:00:00,11410,11397,11393,7.0,11306,10:40:00,11310,11316,11319,3.3333333333333335
2020/06/05,11473,12:30:00,11465,11467,11465,3.0,11377,08:55:00,11391,11381,11396,0.26666666666666666
2020/06/08,11626,10:50:00,11615,11617,11614,3.0,11491,09:25:00,11503,11507,11512,3.2000000000000002
2020/06/09,11622,10:05:00,11609,11613,11603,0.90000000000000002,11521,09:10:00,11538,11523,11549,0.076923076923076927
2020/06/10,11730,10:20:00,11721,11728,11717,0.18181818181818182,11596,09:10:00,11604,11620,11624,6.0
2020/06/11,11738,09:10:00,11719,11732,11714,0.33333333333333331,11475,13:20:00,11488,11475,11490,0.0
2020/06/12,11432,10:20:00,11425,11418,11416,7.0,11250,09:10:00,11261,11298,11303,9.5999999999999996
2020/06/15,11446,10:25:00,11439,11428,11427,18.0,11216,13:45:00,11247,11229,11247,0.72222222222222221
2020/06/16,11554,10:50:00,11542,11544,11534,1.0,11421,09:30:00,11439,11433,11443,1.2
2020/06/17,11568,12:30:00,11550,11566,11549,0.11764705882352941,11467,10:35:00,11503,11471,11504,0.12121212121212122
2020/06/18,11425,09:15:00,11397,11405,11393,1.6666666666666667,11295,09:40:00,11308,11316,11322,3.5
2020/06/19,11439,08:50:00,11424,11413,11411,13.0,11361,09:20:00,11367,11395,11398,11.333333333333334
2020/06/22,11498,09:35:00,11496,11479,11469,1.8999999999999999,11362,08:50:00,11374,11385,11393,2.875
2020/06/23,11540,09:05:00,11518,11518,11512,3.6666666666666665,11346,09:45:00,11386,11371,11396,1.0
2020/06/24,11570,09:25:00,11553,11549,11546,7.0,11503,11:35:00,11514,11510,11514,1.75
2020/06/29,11458,09:20:00,11446,11451,11438,0.53846153846153844,11315,11:50:00,11326,11328,11336,1.625
2020/06/30,11502,13:10:00,11498,11497,11494,1.6666666666666667,11412,10:00:00,11419,11424,11428,3.0
2020/07/01,11623,12:25:00,11617,11616,11616,99999999,11472,08:50:00,11482,11489,11489,99999999
2020/07/02,11712,12:50:00,11704,11710,11704,0.33333333333333331,11566,09:10:00,11575,11592,11593,26.0
2020/07/03,11850,09:25:00,11836,11837,11827,1.3,11752,09:45:00,11780,11761,11789,0.32142857142857145
2020/07/06,12072,12:00:00,12067,12062,12062,99999999,11905,08:55:00,11910,11930,11935,5.0
2020/07/07,12192,09:05:00,12158,12183,12148,0.25714285714285712,11990,10:05:00,11995,12039,12039,99999999
2020/07/08,12145,11:50:00,12142,12135,12133,5.0,12025,09:05:00,12043,12073,12075,24.0
2020/07/09,12222,09:10:00,12191,12196,12183,2.0,12118,10:40:00,12128,12135,12136,17.0
2020/07/10,12213,08:50:00,12204,12196,12193,5.666666666666667,11987,13:40:00,12008,11991,12009,0.22222222222222221
2020/07/13,12210,13:25:00,12202,12208,12201,0.2857142857142857,12105,09:55:00,12117,12117,12126,1.3333333333333333
2020/07/14,12224,10:05:00,12221,12206,12206,99999999,12119,10:40:00,12132,12149,12150,30.0
2020/07/15,12323,09:15:00,12313,12304,12295,2.1111111111111112,12150,12:00:00,12199,12190,12205,2.6666666666666665
2020/07/16,12094,09:20:00,12069,12069,12062,3.5714285714285716,11931,11:25:00,11938,11944,11948,3.25
2020/07/17,12138,10:40:00,12130,12113,12112,25.0,12011,12:50:00,12035,12024,12035,1.1818181818181819
2020/07/20,12075,08:50:00,12073,12054,12053,21.0,11903,09:20:00,11919,11947,11951,11.0
2020/07/22,12361,11:20:00,12343,12359,12342,0.11764705882352941,12256,09:05:00,12267,12299,12301,21.5
2020/07/23,12313,08:50:00,12309,12280,12277,11.0,12199,10:45:00,12217,12227,12230,9.3333333333333339
2020/07/24,12352,10:25:00,12346,12345,12338,1.0,12123,12:20:00,12137,12152,12156,7.25
2020/07/27,12572,09:20:00,12563,12525,12508,2.7647058823529411,12407,08:50:00,12410,12463,12467,14.0
2020/07/28,12900,09:20:00,12864,12899,12852,0.021276595744680851,12408,11:50:00,12424,12476,12480,17.0
2020/07/29,12543,11:30:00,12539,12516,12512,6.75,12392,09:40:00,12396,12433,12438,8.1999999999999993
2020/07/30,12627,08:50:00,12617,12601,12586,1.7333333333333334,12488,10:20:00,12503,12512,12519,3.4285714285714284
2020/07/31,12644,09:40:00,12613,12631,12613,0.72222222222222221,12525,11:10:00,12528,12553,12557,7.0
2020/08/03,12567,09:35:00,12556,12516,12506,5.0999999999999996,12405,12:20:00,12412,12406,12418,0.083333333333333329
2020/08/04,12632,13:45:00,12623,12629,12621,0.375,12489,09:30:00,12509,12506,12511,3.3999999999999999
2020/08/05,12746,13:45:00,12721,12744,12719,0.080000000000000002,12643,10:05:00,12661,12655,12671,0.75
2020/08/06,12925,09:45:00,12917,12907,12902,3.6000000000000001,12753,10:15:00,12787,12780,12788,3.375
2020/08/07,12866,08:50:00,12860,12846,12842,5.0,12706,10:35:00,12732,12710,12735,0.16
2020/08/10,12905,10:35:00,12897,12886,12885,19.0,12720,09:05:00,12736,12750,12753,10.0
2020/08/11,12874,10:15:00,12862,12870,12858,0.33333333333333331,12727,13:45:00,12734,12737,12739,5.0
2020/08/12,12701,08:50:00,12700,12686,12681,3.0,12565,09:55:00,12574,12579,12582,4.666666666666667
2020/08/13,12836,08:55:00,12832,12821,12810,1.3636363636363635,12702,10:15:00,12715,12712,12716,2.5
2020/08/14,12790,13:45:00,12783,12788,12781,0.2857142857142857,12646,09:10:00,12664,12670,12671,24.0
2020/08/17,12959,10:50:00,12955,12949,12944,2.0,12771,08:50:00,12776,12813,12822,4.666666666666667
2020/08/18,12998,08:55:00,12990,12994,12985,0.44444444444444442,12836,10:55:00,12850,12847,12853,1.8333333333333333
2020/08/19,12955,09:20:00,12953,12924,12916,3.875,12780,12:55:00,12794,12789,12795,1.5
2020/08/20,12709,08:55:00,12700,12685,12683,12.0,12067,10:45:00,12244,12192,12254,2.0161290322580645
2020/08/21,12598,12:35:00,12590,12591,12582,0.77777777777777779,12423,09:50:00,12466,12433,12478,0.22222222222222221
2020/08/24,12653,09:45:00,12647,12634,12626,2.375,12503,09:05:00,12574,12536,12585,0.67346938775510201
2020/08/25,12795,10:10:00,12790,12779,12773,2.6666666666666665,12643,09:15:00,12667,12671,12677,4.666666666666667
2020/08/26,12799,13:45:00,12781,12792,12779,0.53846153846153844,12681,09:20:00,12736,12686,12742,0.089285714285714288
2020/08/27,12925,09:35:00,12922,12853,12842,6.5454545454545459,12735,11:10:00,12753,12757,12763,3.6666666666666665
2020/08/28,12782,10:10:00,12757,12778,12754,0.16666666666666666,12634,12:50:00,12669,12641,12670,0.2413793103448276
2020/08/31,12826,09:20:00,12771,12818,12769,0.16326530612244897,12563,13:35:00,12567,12580,12586,2.8333333333333335
2020/09/01,12698,13:30:00,12684,12689,12673,0.5625,12531,09:30:00,12592,12551,12593,0.47619047619047616
2020/09/02,12776,09:10:00,12756,12747,12741,4.833333333333333,12595,11:40:00,12611,12607,12611,3.0
2020/09/03,12858,10:10:00,12840,12844,12840,3.5,12705,13:05:00,12731,12709,12731,0.18181818181818182
2020/09/04,12651,09:50:00,12626,12631,12621,2.0,12510,11:20:00,12561,12548,12562,2.7142857142857144
2020/09/07,12733,09:50:00,12716,12704,12691,2.2307692307692308,12560,13:15:00,12573,12569,12575,1.5
2020/09/08,12695,10:55:00,12688,12679,12675,4.0,12610,09:35:00,12622,12627,12628,17.0
2020/09/09,12606,13:20:00,12595,12598,12594,2.0,12434,09:20:00,12471,12452,12484,0.5625
2020/09/10,12706,10:00:00,12678,12688,12677,1.6363636363636365,12622,09:45:00,12636,12635,12639,3.25
2020/09/11,12689,09:15:00,12675,12682,12667,0.46666666666666667,12606,11:35:00,12622,12622,12624,8.0
2020/09/14,12797,12:20:00,12787,12794,12787,0.42857142857142855,12678,09:25:00,12691,12691,12698,1.8571428571428572
2020/09/15,12855,13:10:00,12854,12850,12848,2.5,12756,08:50:00,12768,12765,12770,1.8
2020/09/16,13018,12:30:00,13003,13017,13003,0.071428571428571425,12900,13:05:00,12996,12955,12996,1.3414634146341464
2020/09/17,12908,09:35:00,12877,12904,12877,0.14814814814814814,12772,11:25:00,12785,12790,12790,99999999
2020/09/18,12866,10:25:00,12860,12854,12853,12.0,12773,09:35:00,12792,12786,12796,1.3
2020/09/21,12877,09:35:00,12865,12854,12847,3.2857142857142856,12655,13:45:00,12670,12660,12673,0.38461538461538464
2020/09/22,12655,09:05:00,12650,12637,12635,9.0,12481,13:25:00,12505,12487,12512,0.23999999999999999
2020/09/23,12563,08:50:00,12553,12544,12538,3.1666666666666665,12441,11:05:00,12472,12455,12472,0.82352941176470584
2020/09/24,12414,08:50:00,12407,12376,12375,38.0,12166,11:35:00,12168,12187,12192,4.2000000000000002
2020/09/25,12309,09:30:00,12286,12306,12285,0.14285714285714285,12114,12:40:00,12128,12123,12130,1.2857142857142858
2020/09/28,12421,13:35:00,12412,12418,12409,0.33333333333333331,12246,09:10:00,12248,12285,12286,39.0
2020/09/29,12522,09:10:00,12499,12514,12499,0.53333333333333333,12395,11:35:00,12422,12397,12423,0.076923076923076927
2020/09/30,12548,10:40:00,12537,12538,12531,1.4285714285714286,12444,09:10:00,12457,12460,12463,5.333333333333333
2020/10/05,12620,09:15:00,12617,12581,12575,6.5,12486,12:05:00,12494,12495,12498,3.0
2020/10/06,12704,10:30:00,12692,12700,12687,0.30769230769230771,12614,08:50:00,12618,12625,12626,11.0
2020/10/07,12758,13:45:00,12749,12755,12747,0.375,12606,09:05:00,12627,12628,12632,5.5
2020/10/08,12876,13:45:00,12869,12873,12868,0.59999999999999998,12772,09:20:00,12787,12794,12794,99999999
2020/10/12,12995,10:05:00,12992,12983,12979,3.0,12878,11:30:00,12892,12878,12892,0.0
2020/10/13,12952,08:50:00,12950,12934,12931,6.0,12816,09:25:00,12853,12832,12856,0.66666666666666663
2020/10/14,12956,09:15:00,12927,12951,12915,0.1388888888888889,12871,13:30:00,12884,12889,12891,9.0
2020/10/15,12892,09:25:00,12887,12865,12860,5.4000000000000004,12727,11:05:00,12733,12741,12741,99999999
2020/10/16,12865,10:45:00,12861,12862,12858,0.75,12718,13:35:00,12732,12723,12737,0.35714285714285715
2020/10/19,12912,13:25:00,12900,12909,12899,0.29999999999999999,12782,08:50:00,12783,12796,12806,1.3999999999999999
2020/10/20,12905,09:25:00,12894,12902,12887,0.20000000000000001,12844,10:00:00,12854,12857,12858,13.0
2020/10/21,12946,09:50:00,12938,12943,12937,0.5,12851,13:10:00,12872,12858,12874,0.4375
2020/10/22,12839,13:45:00,12833,12837,12831,0.33333333333333331,12707,08:50:00,12729,12726,12732,3.1666666666666665
2020/10/23,12883,09:05:00,12881,12867,12859,2.0,12795,09:55:00,12808,12810,12820,1.5
2020/10/26,12935,09:35:00,12932,12870,12850,3.25,12820,09:45:00,12848,12835,12848,1.1538461538461537
2020/10/27,12833,08:50:00,12826,12817,12811,2.6666666666666665,12765,09:25:00,12771,12788,12792,5.75
2020/10/28,12809,09:40:00,12805,12802,12797,1.3999999999999999,12713,13:10:00,12722,12713,12724,0.0
2020/10/29,12640,10:35:00,12627,12626,12624,7.0,12504,09:10:00,12528,12510,12530,0.29999999999999999
2020/10/30,12563,09:05:00,12546,12554,12541,0.69230769230769229,12407,13:45:00,12420,12414,12422,0.875
2020/11/02,12531,13:40:00,12529,12518,12514,3.25,12402,10:30:00,12412,12430,12432,14.0
2020/11/03,12715,11:00:00,12698,12709,12698,0.54545454545454541,12602,09:25:00,12613,12617,12618,15.0
2020/11/04,12879,11:50:00,12873,12862,12856,2.8333333333333335,12662,09:30:00,12716,12671,12718,0.19148936170212766
2020/11/05,12928,08:50:00,12924,12908,12905,6.666666666666667,12821,10:45:00,12840,12825,12841,0.25
2020/11/06,12991,11:05:00,12985,12985,12981,1.5,12896,12:05:00,12907,12908,12917,1.3333333333333333
2020/11/09,13175,09:35:00,13168,13164,13158,1.8333333333333333,13046,10:50:00,13064,13068,13075,3.1428571428571428
2020/11/10,13154,10:15:00,13147,13145,13143,4.5,13010,12:20:00,13022,13024,13029,2.7999999999999998
2020/11/11,13281,13:35:00,13268,13270,13265,2.2000000000000002,13077,09:05:00,13083,13104,13107,9.0
2020/11/12,13305,09:25:00,13281,13301,13275,0.15384615384615385,13193,12:40:00,13201,13209,13209,99999999
2020/11/13,13285,13:45:00,13283,13284,13279,0.20000000000000001,13163,10:10:00,13182,13189,13192,8.6666666666666661
2020/11/16,13582,13:45:00,13571,13581,13569,0.083333333333333329,13406,08:50:00,13407,13441,13444,11.666666666666666
2020/11/17,13737,09:05:00,13714,13711,13691,1.3,13603,13:40:00,13605,13621,13622,18.0
2020/11/18,13788,12:25:00,13781,13773,13771,7.5,13621,09:05:00,13641,13633,13650,0.70588235294117652
2020/11/19,13750,09:25:00,13741,13743,13730,0.53846153846153844,13662,11:20:00,13665,13680,13683,6.0
2020/11/20,13737,13:45:00,13715,13736,13713,0.043478260869565216,13640,09:15:00,13653,13664,13666,12.0
2020/11/23,13943,09:35:00,13937,13915,13897,1.5555555555555556,13788,08:50:00,13790,13821,13824,11.0
2020/11/24,13928,08:50:00,13921,13900,13897,9.3333333333333339,13777,13:35:00,13794,13782,13808,0.19230769230769232
2020/11/25,13909,09:00:00,13907,13896,13895,13.0,13692,13:35:00,13701,13712,13713,20.0
2020/11/26,13862,10:55:00,13857,13850,13847,4.0,13741,09:25:00,13765,13746,13768,0.22727272727272727
2020/11/27,13890,12:50:00,13876,13883,13876,1.0,13763,09:20:00,13766,13785,13786,22.0
2020/11/30,13975,09:40:00,13971,13964,13950,0.7857142857142857,13704,13:35:00,13706,13725,13731,3.5
2020/12/01,13885,13:30:00,13867,13872,13866,2.1666666666666665,13751,09:35:00,13776,13766,13780,1.0714285714285714
2020/12/02,13980,12:45:00,13975,13969,13966,3.6666666666666665,13855,09:55:00,13866,13882,13883,27.0
2020/12/03,14047,11:20:00,14038,14038,14036,4.5,13903,09:20:00,13920,13921,13925,4.5
2020/12/04,14149,12:50:00,14135,14147,14135,0.16666666666666666,14012,09:35:00,14035,14023,14036,0.84615384615384615
2020/12/07,14247,09:10:00,14242,14198,14190,6.125,14087,09:55:00,14095,14129,14132,14.0
2020/12/08,14350,13:10:00,14335,14346,14332,0.2857142857142857,14156,09:40:00,14167,14183,14187,6.75
2020/12/09,14425,12:50:00,14414,14422,14413,0.33333333333333331,14331,09:10:00,14342,14359,14359,99999999
2020/12/10,14314,10:05:00,14284,14310,14281,0.13793103448275862,14178,12:40:00,14180,14201,14202,23.0
2020/12/11,14340,09:10:00,14329,14329,14324,2.2000000000000002,14091,11:20:00,14098,14121,14122,30.0
2020/12/14,14285,09:55:00,14237,14277,14226,0.15686274509803921,14197,13:45:00,14210,14203,14211,0.75
2020/12/15,14232,09:20:00,14229,14222,14211,0.90909090909090906,14030,12:40:00,14042,14032,14051,0.10526315789473684
2020/12/16,14328,13:10:00,14316,14326,14312,0.14285714285714285,14186,08:50:00,14198,14194,14205,0.72727272727272729
2020/12/17,14225,09:05:00,14212,14189,14185,9.0,14085,10:45:00,14095,14100,14105,3.0
2020/12/18,14222,09:55:00,14194,14206,14193,1.2307692307692308,14128,13:20:00,14143,14136,14151,0.53333333333333333
2020/12/21,14313,13:45:00,14302,14313,14301,0.0,14021,09:35:00,14042,14052,14062,3.1000000000000001
2020/12/22,14334,10:55:00,14304,14326,14304,0.36363636363636365,14042,13:35:00,14073,14071,14080,3.2222222222222223
2020/12/23,14181,12:25:00,14174,14165,14163,8.0,14031,09:20:00,14053,14076,14084,5.625
2020/12/24,14287,10:35:00,14265,14271,14265,2.6666666666666665,14179,09:35:00,14218,14206,14223,1.588235294117647
2020/12/25,14383,09:50:00,14368,14369,14357,1.1666666666666667,14245,11:50:00,14291,14268,14291,1.0
2020/12/28,14444,13:15:00,14441,14437,14437,99999999,14320,08:50:00,14329,14324,14337,0.30769230769230771
2020/12/29,14466,08:50:00,14465,14456,14451,2.0,14376,10:05:00,14392,14380,14402,0.18181818181818182
2020/12/30,14643,13:30:00,14634,14641,14632,0.22222222222222221,14440,08:50:00,14451,14457,14457,99999999
2020/12/31,14712,08:55:00,14695,14710,14689,0.095238095238095233,14604,10:55:00,14632,14611,14633,0.31818181818181818
2021/01/04,14925,12:20:00,14918,14911,14909,7.0,14635,08:50:00,14640,14652,14656,4.25
2021/01/05,14980,13:45:00,14973,14978,14973,0.40000000000000002,14836,09:40:00,14841,14857,14867,2.1000000000000001
2021/01/06,15140,09:30:00,15122,15100,15094,6.666666666666667,14764,12:05:00,14839,14816,14864,1.0833333333333333
2021/01/07,15260,13:25:00,15240,15259,15235,0.041666666666666664,15024,09:35:00,15067,15038,15068,0.46666666666666667
2021/01/08,15473,13:30:00,15451,15449,15438,2.1818181818181817,15264,10:05:00,15308,15284,15312,0.7142857142857143
2021/01/11,15538,13:30:00,15523,15535,15522,0.23076923076923078,15369,10:10:00,15393,15404,15408,8.75
2021/01/12,15605,09:15:00,15574,15571,15566,6.7999999999999998,15407,13:10:00,15422,15448,15451,13.666666666666666
2021/01/13,15790,13:15:00,15782,15788,15777,0.18181818181818182,15555,08:50:00,15557,15573,15577,4.5
2021/01/14,15766,12:40:00,15754,15758,15751,1.1428571428571428,15632,09:40:00,15678,15635,15680,0.066666666666666666
2021/01/15,16002,08:50:00,15950,15985,15940,0.37777777777777777,15584,13:35:00,15607,15605,15635,0.69999999999999996
2021/01/18,15679,09:00:00,15663,15677,15646,0.064516129032258063,15327,09:25:00,15349,15461,15488,4.9629629629629628
2021/01/19,15946,13:25:00,15936,15941,15934,0.7142857142857143,15710,08:50:00,15714,15732,15733,22.0
2021/01/20,15964,09:25:00,15951,15925,15922,13.0,15735,13:10:00,15745,15762,15763,27.0
2021/01/21,16183,11:20:00,16167,16092,16086,15.166666666666666,15769,08:55:00,15785,15784,15788,3.75
2021/01/22,16085,10:10:00,16082,16030,16025,11.0,15928,11:55:00,15965,15950,15975,0.88
2021/01/25,16004,08:55:00,15997,15989,15982,2.1428571428571428,15719,09:55:00,15797,15742,15816,0.3108108108108108
2021/01/26,15974,09:10:00,15970,15946,15932,2.0,15537,13:10:00,15548,15611,15622,6.7272727272727275
2021/01/27,15814,09:45:00,15807,15792,15791,22.0,15585,11:15:00,15613,15598,15624,0.5
2021/01/28,15524,09:50:00,15516,15509,15491,0.83333333333333337,15305,11:55:00,15341,15323,15342,0.94736842105263153
2021/01/29,15539,09:15:00,15488,15485,15475,5.4000000000000004,15063,13:45:00,15104,15075,15104,0.41379310344827586
2021/02/01,15398,13:25:00,15392,15387,15384,3.6666666666666665,15090,09:25:00,15116,15105,15132,0.55555555555555558
2021/02/02,15820,11:55:00,15811,15811,15805,1.5,15459,08:50:00,15469,15474,15485,1.3636363636363635
2021/02/03,15875,08:50:00,15864,15852,15848,5.75,15716,09:45:00,15745,15743,15754,2.4545454545454546
2021/02/04,15777,10:15:00,15764,15765,15757,1.5,15542,09:20:00,15564,15583,15598,2.7333333333333334
2021/02/05,15984,10:25:00,15964,15983,15957,0.038461538461538464,15751,09:25:00,15765,15772,15773,21.0
2021/02/17,16433,11:45:00,16415,16427,16414,0.46153846153846156,16179,08:50:00,16261,16199,16277,0.25641025641025639
2021/02/18,16525,11:20:00,16490,16497,16489,3.5,16287,09:45:00,16326,16295,16337,0.19047619047619047
2021/02/19,16328,09:05:00,16309,16314,16270,0.31818181818181818,16130,11:00:00,16142,16161,16165,7.75
2021/02/22,16564,09:25:00,16551,16533,16512,1.4761904761904763,16336,10:55:00,16361,16352,16362,1.6000000000000001
2021/02/23,16451,13:10:00,16441,16441,16439,5.0,16182,09:15:00,16216,16223,16230,5.8571428571428568
2021/02/24,16435,09:55:00,16422,16405,16400,6.0,16133,12:25:00,16150,16154,16157,7.0
2021/02/25,16422,09:20:00,16384,16387,16375,2.9166666666666665,16243,11:25:00,16258,16269,16270,26.0
2021/02/26,16118,09:25:00,16089,16079,16074,7.7999999999999998,15852,09:50:00,15906,15884,15911,1.1851851851851851
2021/03/02,16277,08:50:00,16249,16230,16230,99999999,15868,13:30:00,15914,15875,15925,0.14000000000000001
2021/03/03,16196,13:30:00,16173,16181,16170,1.3636363636363635,15885,09:35:00,15891,15915,15919,7.5
2021/03/04,16066,09:15:00,16019,16028,16013,2.5333333333333332,15756,12:20:00,15769,15777,15788,1.9090909090909092
2021/03/05,15914,11:55:00,15881,15908,15878,0.20000000000000001,15570,09:05:00,15620,15624,15650,2.0769230769230771
2021/03/08,16095,10:10:00,16073,16088,16056,0.21875,15767,12:50:00,15785,15775,15791,0.5
2021/03/09,15848,11:20:00,15842,15833,15824,1.6666666666666667,15608,10:00:00,15669,15629,15686,0.36842105263157893
2021/03/10,15986,08:50:00,15977,15956,15951,6.0,15808,10:35:00,15823,15835,15844,3.0
2021/03/11,16214,12:00:00,16213,16205,16201,2.25,15942,08:50:00,15951,15965,15966,23.0
2021/03/12,16288,08:50:00,16276,16263,16256,3.5714285714285716,16155,10:55:00,16180,16164,16181,0.52941176470588236
2021/03/15,16249,09:25:00,16241,16206,16206,99999999,16142,09:45:00,16176,16160,16186,0.69230769230769229
2021/03/16,16348,12:10:00,16343,16347,16336,0.090909090909090912,16213,10:20:00,16220,16224,16234,1.1000000000000001
2021/03/17,16336,10:20:00,16332,16321,16321,99999999,16161,13:05:00,16178,16186,16199,1.9230769230769231
2021/03/18,16401,10:00:00,16394,16386,16380,2.5,16220,12:30:00,16241,16223,16243,0.14999999999999999
2021/03/19,16110,09:10:00,16106,16086,16074,2.0,15953,11:15:00,15973,15957,15984,0.14814814814814814
2021/03/22,16174,13:20:00,16169,16164,16161,3.3333333333333335,15911,09:20:00,15948,15917,15948,0.19354838709677419
2021/03/23,16277,09:30:00,16242,16270,16225,0.15555555555555556,16103,13:05:00,16120,16108,16121,0.38461538461538464
2021/03/24,16062,09:40:00,16044,16054,16042,0.66666666666666663,15939,12:55:00,15955,15957,15957,99999999
2021/03/25,16090,11:00:00,16058,16076,16053,0.60869565217391308,15870,09:40:00,15918,15881,15919,0.28947368421052633
2021/03/26,16293,13:15:00,16286,16283,16281,5.0,16081,09:15:00,16100,16094,16129,0.37142857142857144
2021/03/29,16485,12:00:00,16479,16478,16473,1.3999999999999999,16350,08:50:00,16370,16372,16374,11.0
2021/03/30,16531,10:40:00,16516,16525,16515,0.59999999999999998,16418,10:55:00,16486,16433,16489,0.26785714285714285
2021/03/31,16549,09:45:00,16535,16523,16514,2.8888888888888888,16403,11:15:00,16437,16432,16444,2.4166666666666665
2021/04/01,16587,10:05:00,16514,16576,16513,0.17460317460317459,16452,11:00:00,16471,16462,16471,1.1111111111111112
2021/04/06,16840,09:45:00,16737,16811,16737,0.39189189189189189,16697,11:55:00,16727,16698,16729,0.032258064516129031
2021/04/07,16788,13:05:00,16769,16776,16765,1.0909090909090908,16673,11:10:00,16683,16689,16691,8.0
2021/04/08,16930,13:45:00,16915,16930,16914,0.0,16687,09:15:00,16719,16693,16730,0.16216216216216217
2021/04/09,16971,09:00:00,16962,16971,16955,0.0,16810,10:05:00,16829,16842,16842,99999999
2021/04/12,16965,09:25:00,16943,16931,16927,8.5,16760,10:40:00,16836,16795,16846,0.68627450980392157
2021/04/13,17046,10:25:00,17031,17032,17029,4.666666666666667,16780,13:20:00,16820,16792,16823,0.38709677419354838
2021/04/14,16917,09:20:00,16897,16908,16886,0.40909090909090912,16592,11:20:00,16619,16670,16675,15.6
2021/04/15,17074,13:40:00,17059,17066,17056,0.80000000000000004,16852,09:50:00,16868,16886,16888,17.0
2021/04/16,17160,13:45:00,17147,17158,17146,0.16666666666666666,16990,09:45:00,17045,16999,17053,0.16666666666666666
2021/04/19,17296,13:10:00,17286,17287,17283,2.25,17111,08:50:00,17118,17127,17137,1.6000000000000001
2021/04/20,17324,13:40:00,17321,17323,17321,0.5,17206,09:10:00,17248,17220,17250,0.46666666666666667
2021/04/21,17270,12:10:00,17243,17265,17241,0.20833333333333334,17150,10:05:00,17161,17164,17170,2.3333333333333335
2021/04/22,17369,09:15:00,17363,17345,17343,12.0,17053,12:40:00,17114,17071,17139,0.26470588235294118
2021/04/23,17260,13:35:00,17245,17256,17242,0.2857142857142857,17041,08:50:00,17061,17077,17080,12.0
2021/04/26,17536,13:35:00,17517,17535,17515,0.050000000000000003,17323,09:20:00,17348,17365,17377,3.5
2021/04/27,17576,10:05:00,17561,17560,17552,2.0,17460,12:05:00,17481,17463,17495,0.09375
2021/04/28,17563,10:05:00,17557,17550,17542,1.625,17475,10:40:00,17478,17501,17509,3.25
2021/04/29,17702,10:25:00,17692,17689,17686,4.333333333333333,17531,12:10:00,17546,17548,17557,1.8888888888888888
2021/05/03,17534,09:00:00,17512,17517,17511,2.8333333333333335,17226,13:35:00,17241,17233,17244,0.63636363636363635
2021/05/04,17309,09:05:00,17288,17295,17276,0.73684210526315785,16668,10:45:00,16808,16713,16823,0.40909090909090912
2021/05/05,17020,10:10:00,17018,16994,16988,4.333333333333333,16756,13:45:00,16787,16769,16789,0.65000000000000002
2021/05/06,17081,09:50:00,17046,17064,17041,0.73913043478260865,16700,11:45:00,16813,16787,16817,2.8999999999999999
2021/05/07,17288,13:45:00,17279,17287,17276,0.090909090909090912,17060,09:15:00,17074,17117,17121,14.25
2021/05/10,17373,08:50:00,17369,17362,17348,0.7857142857142857,17178,09:40:00,17204,17222,17232,4.4000000000000004
2021/05/11,16970,09:20:00,16924,16962,16920,0.19047619047619047,16425,13:10:00,16503,16470,16525,0.81818181818181823
2021/05/12,16531,09:50:00,16520,16457,16444,5.6923076923076925,15027,11:25:00,15521,15055,15536,0.058212058212058215
2021/05/13,15991,11:20:00,15975,15904,15899,17.399999999999999,15348,09:05:00,15610,15459,15635,0.63068181818181823
2021/05/14,16021,09:30:00,15973,15947,15942,14.800000000000001,15653,12:45:00,15694,15693,15724,1.2903225806451613
2021/05/17,15735,09:40:00,15646,15714,15605,0.19266055045871561,15096,08:50:00,15183,15354,15491,1.8832116788321167
2021/05/18,16180,12:00:00,16160,16147,16142,6.5999999999999996,15501,08:50:00,15563,15558,15589,1.8387096774193548
2021/05/19,16248,11:55:00,16197,16245,16188,0.052631578947368418,15979,10:10:00,16025,15993,16039,0.30434782608695654
2021/05/20,16113,08:50:00,16078,16057,16057,99999999,15854,10:45:00,15913,15882,15913,0.90322580645161288
2021/05/21,16425,09:20:00,16400,16380,16351,1.5517241379310345,16072,10:40:00,16094,16089,16118,0.58620689655172409
2021/05/24,16368,11:40:00,16359,16326,16326,99999999,16069,08:50:00,16079,16128,16133,11.800000000000001
2021/05/25,16623,11:20:00,16621,16603,16601,10.0,16425,09:00:00,16435,16445,16450,4.0
2021/05/26,16664,09:05:00,16643,16645,16624,0.90476190476190477,16504,10:30:00,16506,16519,16532,1.1538461538461537
2021/05/27,16595,08:50:00,16593,16433,16219,0.7570093457943925,16219,08:50:00,16593,16433,16595,1.3209876543209877
2021/05/28,16878,12:25:00,16854,16873,16854,0.26315789473684209,16673,09:15:00,16689,16681,16700,0.42105263157894735
2021/05/31,17098,11:20:00,17092,17073,17070,8.3333333333333339,16884,08:50:00,16891,16898,16909,1.2727272727272727
